ShotID,Period,TimeStamp,Minunte,Second,TypeName,PossessionTeamName,TeamName,Location,PlayerName,PositionName,PassRecipientName,PassLength,PassAngle,PassEndLocation,PassTypeName,PassBodyPartName,PassOutcomeName,BallReceiptOutcomeName,DribbleOutcomeName,PassCross,PassShotAssist,ShotStatsbombXG,ShotEndLocation,ShotTypeName,ShotOutcomeName,ShotTechniqueName,ShotBodyPartName,GoalkeeperPositionName,GoalkeeperTechniqueName,GoalkeeperTypeName,GoalkeeperBodyPartName,PassAerialWon,PassGoalAssist,ShotDeflected,ShotFirstTime,GoalkeeperEndLocation,MatchID,ShotOneOnOne,ShotRedirect,ShotOpenGoal,BlockSaveBlock
edbeec9b-c1a4-46dd-9b99-1df1d9a8e6fa,1,00:02:50.064,2,50,Shot,Juventus,Juventus,"[106.0, 37.0]",Gonzalo Gerardo Higuaín,Center Forward,,,,,,,,,,,,0.07028022,"[120.0, 41.9, 1.1]",Open Play,Saved,Normal,Head,,,,,,,,,,18244,,,,
31367083-181d-406d-84e0-693e1a1373a6,1,00:03:20.951,3,20,Shot,Juventus,Juventus,"[92.0, 49.0]",Gonzalo Gerardo Higuaín,Center Forward,,,,,,,,,,,,0.023389878,"[119.0, 39.9, 0.4]",Open Play,Saved,Normal,Right Foot,,,,,,,,,,18244,,,,
1a989d90-d770-4ac8-898d-5f420d5bc8f1,1,00:06:02.514,6,2,Shot,Juventus,Juventus,"[98.0, 35.0]",Miralem Pjanić,Right Defensive Midfield,,,,,,,,,,,,0.04491758,"[118.0, 37.2, 0.7]",Open Play,Saved,Half Volley,Right Foot,,,,,,,,,,18244,,,,
af7c575a-50d8-419a-89a5-b4abbc11e3c9,1,00:19:38.935,19,38,Shot,Real Madrid,Real Madrid,"[105.0, 44.0]",Cristiano Ronaldo dos Santos Aveiro,Left Center Forward,,,,,,,,,,,,0.08542749,"[119.0, 36.8, 0.2]",Open Play,Goal,Normal,Right Foot,,,,,,,True,True,,18244,,,,
e41ba6de-15b2-4695-aa3a-1713bf34291b,1,00:22:24.726,22,24,Shot,Juventus,Juventus,"[105.0, 51.0]",Miralem Pjanić,Right Defensive Midfield,,,,,,,,,,,,0.05371165,"[108.0, 49.0]",Open Play,Blocked,Normal,Left Foot,,,,,,,,,,18244,,,,
f52a193e-eacc-49cc-9082-599b236a3116,1,00:25:37.955,25,37,Shot,Juventus,Juventus,"[100.0, 39.0]",Gonzalo Gerardo Higuaín,Center Forward,,,,,,,,,,,,0.052339688,"[102.0, 39.0]",Open Play,Blocked,Half Volley,Left Foot,,,,,,,,True,,18244,,,,
2fed9dfd-c530-4567-b3e3-915490a97b84,1,00:26:20.804,26,20,Shot,Juventus,Juventus,"[106.0, 30.0]",Mario Mandžukić,Left Wing,,,,,,,,,,,,0.03708837,"[120.0, 43.2, 2.4]",Open Play,Goal,Overhead Kick,Right Foot,,,,,,,,,,18244,,,,
7c5b5cfa-918e-426f-8edb-e7be2e64ff7c,1,00:30:28.596,30,28,Shot,Real Madrid,Real Madrid,"[105.0, 42.0]",Cristiano Ronaldo dos Santos Aveiro,Left Center Forward,,,,,,,,,,,,0.047854044,"[110.0, 43.0]",Open Play,Blocked,Overhead Kick,Right Foot,,,,,,,,True,,18244,,,,
7d9938d4-a094-4d47-b6dd-14326ac1cd48,1,00:32:20.174,32,20,Shot,Real Madrid,Real Madrid,"[112.0, 45.0]",Cristiano Ronaldo dos Santos Aveiro,Left Center Forward,,,,,,,,,,,,0.17624187,"[115.0, 29.0]",Open Play,Wayward,Diving Header,Head,,,,,,,,,,18244,,,,
b326263c-945a-48f0-965c-676ceb7ea244,1,00:34:04.438,34,4,Shot,Juventus,Juventus,"[89.0, 50.0]",Paulo Bruno Exequiel Dybala,Center Attacking Midfield,,,,,,,,,,,,0.02529055,"[99.0, 48.0]",Free Kick,Blocked,Normal,Left Foot,,,,,,,,,,18244,,,,
426c03aa-a07a-4e4f-be25-2d7bf0ca10ff,1,00:39:59.798,39,59,Shot,Juventus,Juventus,"[97.0, 37.0]",Miralem Pjanić,Right Defensive Midfield,,,,,,,,,,,,0.04150408,"[106.0, 39.0]",Open Play,Blocked,Half Volley,Right Foot,,,,,,,,True,,18244,,,,
68781b1d-521d-45d1-91eb-ae20c90601cb,1,00:44:45.747,44,45,Shot,Real Madrid,Real Madrid,"[90.0, 54.0]",Carlos Henrique Casimiro,Center Defensive Midfield,,,,,,,,,,,,0.01026013,"[119.0, 32.9, 0.5]",Open Play,Off T,Normal,Right Foot,,,,,,,,,,18244,,,,
b79381ee-b30a-4e9a-a861-556061dab46c,1,00:45:33.038,45,33,Shot,Real Madrid,Real Madrid,"[94.0, 48.0]",Francisco Román Alarcón Suárez,Center Attacking Midfield,,,,,,,,,,,,0.025536312,"[99.0, 46.0]",Open Play,Blocked,Normal,Right Foot,,,,,,,,,,18244,,,,
4d6fa44c-3d1e-41fb-859e-3df1a49fc682,2,00:08:54.093,53,54,Shot,Real Madrid,Real Madrid,"[93.0, 38.0]",Luka Modrić,Right Center Midfield,,,,,,,,,,,,0.036176078,"[118.0, 40.9, 1.1]",Open Play,Saved,Normal,Left Foot,,,,,,,,,,18244,,,,
c0774cb2-bcad-448a-843b-4c727f637282,2,00:10:03.750,55,3,Shot,Real Madrid,Real Madrid,"[103.0, 26.0]",Marcelo Vieira da Silva Júnior,Left Back,,,,,,,,,,,,0.041312158,"[120.0, 34.8, 4.2]",Open Play,Off T,Normal,Left Foot,,,,,,,,,,18244,,,,
7f4ca05a-b65d-4426-8c7b-67d634d337de,2,00:13:17.192,58,17,Shot,Real Madrid,Real Madrid,"[99.0, 32.0]",Francisco Román Alarcón Suárez,Center Attacking Midfield,,,,,,,,,,,,0.05314489,"[120.0, 32.1, 3.8]",Open Play,Off T,Normal,Left Foot,,,,,,,,,,18244,,,,
82cbcfa2-5cb2-4460-9fc9-f87df15f3a14,2,00:15:20.897,60,20,Shot,Real Madrid,Real Madrid,"[103.0, 29.0]",Toni Kroos,Left Center Midfield,,,,,,,,,,,,0.059818856,"[114.0, 40.0]",Open Play,Blocked,Normal,Left Foot,,,,,,,,True,,18244,,,,
b1386445-4202-40c7-ab28-53507c68d2e9,2,00:15:23.960,60,23,Shot,Real Madrid,Real Madrid,"[90.0, 34.0]",Carlos Henrique Casimiro,Center Defensive Midfield,,,,,,,,,,,,0.017446898,"[120.0, 36.6, 0.6]",Open Play,Goal,Normal,Right Foot,,,,,,,True,True,,18244,,,,
944e9b65-7263-45e7-9cea-00379048a157,2,00:18:31.447,63,31,Shot,Real Madrid,Real Madrid,"[117.0, 47.0]",Cristiano Ronaldo dos Santos Aveiro,Left Center Forward,,,,,,,,,,,,0.13650973,"[120.0, 39.1, 2.0]",Open Play,Goal,Half Volley,Right Foot,,,,,,,,True,,18244,,,,
40d1bad9-beae-405c-b42e-c9cd0c306529,2,00:27:18.426,72,18,Shot,Real Madrid,Real Madrid,"[111.0, 42.0]",Cristiano Ronaldo dos Santos Aveiro,Left Center Forward,,,,,,,,,,,,0.28140664,"[120.0, 41.5, 6.1]",Open Play,Off T,Half Volley,Right Foot,,,,,,,,True,,18244,,,,
ce7a8043-3c29-47c7-a4dd-38bd8faa9742,2,00:29:39.467,74,39,Shot,Real Madrid,Real Madrid,"[112.0, 27.0]",Karim Benzema,Right Center Forward,,,,,,,,,,,,0.0675641,"[114.0, 30.0]",Open Play,Blocked,Normal,Right Foot,,,,,,,,,,18244,,,,
e5ec23b5-6171-4f08-b35e-38f582e9d177,2,00:29:41.846,74,41,Shot,Real Madrid,Real Madrid,"[97.0, 33.0]",Marcelo Vieira da Silva Júnior,Left Back,,,,,,,,,,,,0.040467594,"[120.0, 40.7, 5.6]",Open Play,Off T,Normal,Left Foot,,,,,,,,True,,18244,,,,
37989eeb-cd58-49ab-8512-791caa8a98b1,2,00:36:04.685,81,4,Shot,Juventus,Juventus,"[111.0, 48.0]",Alex Sandro Lobo Silva,Left Back,,,,,,,,,,,,0.07065242,"[120.0, 34.6, 1.3]",Open Play,Off T,Normal,Head,,,,,,,,,,18244,,,,
9bbcb11b-604d-43db-90a8-b19f29403e17,2,00:44:42.993,89,42,Shot,Real Madrid,Real Madrid,"[91.0, 30.0]",Cristiano Ronaldo dos Santos Aveiro,Left Center Forward,,,,,,,,,,,,0.043744557,"[101.0, 34.0]",Free Kick,Blocked,Normal,Right Foot,,,,,,,,,,18244,,,,
b5dd76c7-aa5d-4e7c-9686-e701b8310790,2,00:44:52.323,89,52,Shot,Real Madrid,Real Madrid,"[113.0, 40.0]",Marco Asensio Willemsen,Center Attacking Midfield,,,,,,,,,,,,0.40126145,"[120.0, 43.2, 0.8]",Open Play,Goal,Normal,Left Foot,,,,,,,,True,,18244,,,,
e4b1cf0c-c80a-4618-94f8-04a6696aa113,2,00:47:14.830,92,14,Shot,Real Madrid,Real Madrid,"[109.0, 23.0]",Álvaro Borja Morata Martín,Left Center Midfield,,,,,,,,,,,,0.024945462,"[112.0, 27.0]",Open Play,Blocked,Normal,Right Foot,,,,,,,,,,18244,,,,
0bd1fb08-0f93-4241-87af-7bee510c5206,2,00:48:10.498,93,10,Shot,Real Madrid,Real Madrid,"[93.0, 29.0]",Gareth Frank Bale,Right Center Forward,,,,,,,,,,,,0.02260328,"[96.0, 30.0]",Open Play,Blocked,Normal,Left Foot,,,,,,,,,,18244,,,,
ae4039ee-9efd-4937-a0b9-b50cf44ab8f4,1,00:01:25.896,1,25,Shot,Manchester United,Manchester United,"[92.5, 23.2]",Cristiano Ronaldo dos Santos Aveiro,Center Forward,,,,,,,,,,,,0.008750859,"[117.8, 39.8, 0.7]",Free Kick,Saved,Normal,Right Foot,,,,,,,,,,3750201,,,,
8fc1aeff-79bd-4456-81fe-de5068c6c30b,1,00:01:27.964,1,27,Shot,Manchester United,Manchester United,"[112.6, 36.8]",Ji-Sung Park,Right Center Midfield,,,,,,,,,,,,0.24934603,"[113.6, 37.2]",Open Play,Blocked,Half Volley,Right Foot,,,,,,,,True,,3750201,,,,
4a5d5e8b-3b65-4885-b36a-81bf7df348c6,1,00:01:59.683,1,59,Shot,Manchester United,Manchester United,"[95.9, 28.5]",Wayne Mark Rooney,Right Midfield,,,,,,,,,,,,0.016718948,"[120.0, 19.6, 1.3]",Open Play,Off T,Volley,Right Foot,,,,,,,,True,,3750201,,,,
552bd9b5-390a-4a05-9f9a-aa840a559b4a,1,00:06:45.728,6,45,Shot,Manchester United,Manchester United,"[87.9, 52.7]",Cristiano Ronaldo dos Santos Aveiro,Center Forward,,,,,,,,,,,,0.006325963,"[120.0, 45.1, 1.8]",Open Play,Off T,Normal,Right Foot,,,,,,,,,,3750201,,,,
1e573054-3265-4627-beab-08f452936a16,1,00:08:06.647,8,6,Shot,Manchester United,Manchester United,"[106.4, 24.6]",Cristiano Ronaldo dos Santos Aveiro,Center Forward,,,,,,,,,,,,0.038694493,"[120.0, 46.8, 0.8]",Open Play,Off T,Half Volley,Left Foot,,,,,,,,,,3750201,,,,
370d6a4c-c5f9-46df-b9b9-5184fffdfe60,1,00:09:08.208,9,8,Shot,Barcelona,Barcelona,"[113.4, 52.5]",Samuel Eto''o Fils,Center Forward,,,,,,,,,,,,0.10226101,"[120.0, 40.7, 0.9]",Open Play,Goal,Normal,Right Foot,,,,,,,,,,3750201,,,,
1e2be835-77ad-4cc5-ab8d-dd5eadb92411,1,00:16:47.029,16,47,Shot,Manchester United,Manchester United,"[98.6, 49.4]",Ryan Giggs,Right Midfield,,,,,,,,,,,,0.07197664,"[120.0, 43.1, 4.5]",Free Kick,Off T,Normal,Left Foot,,,,,,,,,,3750201,,,,
6032fd2c-cce3-4e31-9a44-492289b2c9ce,1,00:18:53.666,18,53,Shot,Barcelona,Barcelona,"[95.3, 57.7]",Lionel Andrés Messi Cuccittini,Right Wing,,,,,,,,,,,,0.010184707,"[120.0, 36.9, 5.6]",Open Play,Off T,Normal,Left Foot,,,,,,,,,,3750201,,,,
0a5c465c-f774-410c-98f3-f1c1b00a1315,1,00:19:55.484,19,55,Shot,Manchester United,Manchester United,"[91.8, 30.1]",Cristiano Ronaldo dos Santos Aveiro,Center Forward,,,,,,,,,,,,0.029285535,"[120.0, 46.4, 0.2]",Open Play,Off T,Normal,Left Foot,,,,,,,,,,3750201,,,,
573c9610-33f6-4dfa-8f7d-5f719d562c97,1,00:22:15.997,22,15,Shot,Manchester United,Manchester United,"[109.3, 40.5]",Cristiano Ronaldo dos Santos Aveiro,Center Forward,,,,,,,,,,,,0.056575514,"[120.0, 35.0, 5.3]",Open Play,Off T,Normal,Head,,,,,,,,,,3750201,,,,
d9afa6ac-e189-4d2d-81f2-800702b29fdb,1,00:26:21.440,26,21,Shot,Barcelona,Barcelona,"[97.1, 20.7]",Xavier Hernández Creus,Left Center Midfield,,,,,,,,,,,,0.0104756085,"[120.0, 35.7, 3.0]",Free Kick,Off T,Normal,Right Foot,,,,,,,,,,3750201,,,,
d3525660-6bc5-4125-95f4-a8912c6d9f4a,1,00:36:14.352,36,14,Shot,Barcelona,Barcelona,"[89.8, 44.4]",Andrés Iniesta Luján,Right Center Midfield,,,,,,,,,,,,0.02669069,"[95.6, 43.1]",Open Play,Blocked,Normal,Left Foot,,,,,,,,,,3750201,,,,
bdc9b5af-6b7f-4d09-9005-9c4d34c5bef0,2,00:02:59.957,47,59,Shot,Barcelona,Barcelona,"[114.6, 30.1]",Thierry Henry,Left Wing,,,,,,,,,,,,0.15181008,"[118.2, 35.2, 0.3]",Open Play,Saved,Normal,Right Foot,,,,,,,,,,3750201,True,,,
18e4fe79-2a86-4977-8c84-ed3eea990605,2,00:07:24.037,52,24,Shot,Barcelona,Barcelona,"[100.6, 38.6]",Xavier Hernández Creus,Left Center Midfield,,,,,,,,,,,,0.08969379,"[120.0, 44.0, 0.9]",Free Kick,Post,Normal,Right Foot,,,,,,,,,,3750201,,,,
6dca9d76-f30d-473c-be83-0d6edc753198,2,00:20:08.918,65,8,Shot,Barcelona,Barcelona,"[106.6, 20.7]",Thierry Henry,Left Wing,,,,,,,,,,,,0.008933546,"[118.5, 35.9, 0.2]",Open Play,Saved,Normal,Left Foot,,,,,,,,,,3750201,,,,
bc51838b-e9eb-422f-8e73-c8409f40b5b4,2,00:24:53.537,69,53,Shot,Barcelona,Barcelona,"[113.8, 36.9]",Lionel Andrés Messi Cuccittini,Right Wing,,,,,,,,,,,,0.23288652,"[120.0, 43.5, 1.4]",Open Play,Goal,Normal,Head,,,,,,,,,,3750201,True,,,
58372877-a11f-4602-9a60-bfd55757e1f9,2,00:26:41.060,71,41,Shot,Manchester United,Manchester United,"[109.6, 40.7]",Ryan Giggs,Left Defensive Midfield,,,,,,,,,,,,0.15359743,"[111.3, 40.5]",Open Play,Blocked,Normal,Right Foot,,,,,,,,True,,3750201,,,,
3ecbc280-9317-49be-b091-e946a5c7e3da,2,00:26:42.609,71,42,Shot,Manchester United,Manchester United,"[115.5, 33.8]",Cristiano Ronaldo dos Santos Aveiro,Left Center Forward,,,,,,,,,,,,0.3718132,"[116.5, 35.7, 0.4]",Open Play,Saved,Normal,Right Foot,,,,,,,,True,,3750201,,,,
966e642a-6bf6-4cde-8a6a-63807d1a8b5e,2,00:27:06.826,72,6,Shot,Manchester United,Manchester United,"[115.0, 49.3]",Dimitar Ivanov Berbatov,Left Midfield,,,,,,,,,,,,0.03865783,"[120.0, 43.7, 7.2]",Open Play,Off T,Volley,Right Foot,,,,,,,,True,,3750201,,,,
ea14f2b6-43cd-4d42-8126-bca240263cac,2,00:29:03.067,74,3,Shot,Barcelona,Barcelona,"[112.2, 41.3]",Carles Puyol i Saforcada,Right Back,,,,,,,,,,,,0.16466513,"[118.6, 41.1, 0.9]",Open Play,Saved,Diving Header,Head,,,,,,,,,,3750201,,,,
d8f21b1d-d753-4baa-a48b-13f4b4b4fcdd,2,00:34:43.433,79,43,Shot,Barcelona,Barcelona,"[106.0, 26.8]",Andrés Iniesta Luján,Right Center Midfield,,,,,,,,,,,,0.052761834,"[118.4, 36.7, 1.6]",Open Play,Saved,Normal,Right Foot,,,,,,,,,,3750201,,,,
f281ea0a-5a29-4d47-b2db-4cad38dd958a,2,00:39:10.790,84,10,Shot,Barcelona,Barcelona,"[112.7, 50.0]",Carles Puyol i Saforcada,Right Back,,,,,,,,,,,,0.34838152,"[113.4, 49.0, 0.5]",Open Play,Saved,Normal,Right Foot,,,,,,,,,,3750201,,,,
a3f6a771-4899-4d85-83b2-81a214923891,2,00:41:53.622,86,53,Shot,Manchester United,Manchester United,"[110.6, 41.0]",Dimitar Ivanov Berbatov,Right Center Forward,,,,,,,,,,,,0.10748712,"[120.0, 38.5, 5.5]",Open Play,Off T,Normal,Head,,,,,,,,,,3750201,,,,
64999eef-a759-4227-ab59-85f3134f06c6,1,00:12:41.654,12,41,Shot,Atlético Madrid,Atlético Madrid,"[85.0, 60.0]",Raúl García Escudero,Right Midfield,,,,,,,,,,,,0.004642269,"[119.0, 37.2, 5.1]",Open Play,Off T,Normal,Right Foot,,,,,,,,,,18241,,,,
6752a685-ea76-4b9c-b304-8ce69167d9f3,1,00:27:19.675,27,19,Shot,Real Madrid,Real Madrid,"[94.0, 22.0]",Cristiano Ronaldo dos Santos Aveiro,Left Wing,,,,,,,,,,,,0.010557759,"[120.0, 39.5, 1.1]",Free Kick,Saved,Normal,Right Foot,,,,,,,,,,18241,,,,
b1561913-553b-4681-a8ab-4bd960b191f5,1,00:31:03.861,31,3,Shot,Atlético Madrid,Atlético Madrid,"[97.0, 50.0]",Adrián López Álvarez,Right Center Forward,,,,,,,,,,,,0.035535295,"[107.0, 40.0]",Open Play,Wayward,Half Volley,Right Foot,,,,,,,,True,,18241,,,,
b8fcb901-9619-48a8-8328-d69b9cabe33e,1,00:31:04.390,31,4,Shot,Atlético Madrid,Atlético Madrid,"[107.0, 40.0]",Jorge Resurrección Merodio,Left Midfield,,,,,,,,,,,,0.13996542,"[111.0, 39.0]",Open Play,Blocked,Normal,Other,,,,,,,,,,18241,,True,,
cf0d3a2f-e6e6-4c23-9802-077ffd26c591,1,00:31:29.390,31,29,Shot,Real Madrid,Real Madrid,"[108.0, 45.0]",Gareth Frank Bale,Right Wing,,,,,,,,,,,,0.08173393,"[120.0, 33.7, 0.5]",Open Play,Off T,Normal,Left Foot,,,,,,,,,,18241,,,,
00c46063-3591-4aad-a950-76bea28b84d9,1,00:35:26.302,35,26,Shot,Atlético Madrid,Atlético Madrid,"[109.0, 39.0]",Diego Roberto Godín Leal,Left Center Back,,,,,,,,,,,,0.11193582,"[120.0, 43.2, 1.2]",Open Play,Goal,Normal,Head,,,,,,,,,,18241,,,,
8b0373f0-1ad3-4721-8669-f680d29a1287,1,00:40:31.348,40,31,Shot,Atlético Madrid,Atlético Madrid,"[112.0, 42.0]",Adrián López Álvarez,Right Center Forward,,,,,,,,,,,,0.07553255,"[119.0, 42.4, 3.7]",Open Play,Off T,Normal,Head,,,,,,,,,,18241,,,,
0c27e236-e547-4ab4-8c3c-cc09c817a976,2,00:05:04.722,50,4,Shot,Atlético Madrid,Atlético Madrid,"[100.0, 51.0]",Raúl García Escudero,Right Midfield,,,,,,,,,,,,0.03376404,"[120.0, 32.3, 6.3]",Open Play,Off T,Half Volley,Left Foot,,,,,,,,True,,18241,,,,
612b0406-b960-4a0f-9004-41615a3876fb,2,00:08:45.220,53,45,Shot,Real Madrid,Real Madrid,"[93.0, 29.0]",Cristiano Ronaldo dos Santos Aveiro,Left Wing,,,,,,,,,,,,0.038885143,"[119.0, 38.0, 2.4]",Free Kick,Saved,Normal,Right Foot,,,,,,,True,,,18241,,,,
6c131097-ab39-4e14-9d28-d9bb9f2c9413,2,00:09:04.289,54,4,Shot,Real Madrid,Real Madrid,"[107.0, 37.0]",Cristiano Ronaldo dos Santos Aveiro,Left Wing,,,,,,,,,,,,0.074958615,"[110.0, 37.0]",Open Play,Blocked,Half Volley,Right Foot,,,,,,,,True,,18241,,,,
c2b55c9b-ef26-4e80-9726-4f085bd43390,2,00:09:18.968,54,18,Shot,Real Madrid,Real Madrid,"[108.0, 45.0]",Cristiano Ronaldo dos Santos Aveiro,Left Wing,,,,,,,,,,,,0.062217012,"[120.0, 45.2, 0.8]",Open Play,Off T,Normal,Head,,,,,,,,,,18241,,,,
ee01e3d7-51f7-4866-a935-04b024f9d7e4,2,00:11:05.204,56,5,Shot,Atlético Madrid,Atlético Madrid,"[110.0, 29.0]",Adrián López Álvarez,Right Center Forward,,,,,,,,,,,,0.12841898,"[112.0, 31.0]",Open Play,Blocked,Half Volley,Right Foot,,,,,,,,True,,18241,,,,
d2a794a3-36fe-4096-b4a1-738668ca7a84,2,00:16:49.659,61,49,Shot,Real Madrid,Real Madrid,"[114.0, 39.0]",Cristiano Ronaldo dos Santos Aveiro,Left Wing,,,,,,,,,,,,0.19441953,"[120.0, 48.5, 1.1]",Open Play,Off T,Normal,Head,,,,,,,,,,18241,,,,
4bf421f0-15c3-4434-87fc-9cd8843bf2ae,2,00:18:37.544,63,37,Shot,Atlético Madrid,Atlético Madrid,"[118.0, 36.0]",João Miranda de Souza Filho,Right Center Back,,,,,,,,,,,,0.23426856,"[119.0, 37.0]",Open Play,Blocked,Normal,Head,,,,,,,,,,18241,,,,
1dee886e-6bd1-4781-ab8c-ddb1c11a9829,2,00:21:24.071,66,24,Shot,Real Madrid,Real Madrid,"[97.0, 42.0]",Francisco Román Alarcón Suárez,Center Defensive Midfield,,,,,,,,,,,,0.043526623,"[120.0, 33.3, 0.2]",Open Play,Off T,Normal,Right Foot,,,,,,,,,,18241,,,,
5bdc06a7-48bb-4f39-a0e7-966538aeada5,2,00:27:35.094,72,35,Shot,Real Madrid,Real Madrid,"[99.0, 47.0]",Gareth Frank Bale,Right Wing,,,,,,,,,,,,0.07344455,"[120.0, 45.8, 0.6]",Open Play,Off T,Normal,Left Foot,,,,,,,,,,18241,,,,
3f5d727a-36c1-4ad1-9d53-42c3bac46e49,2,00:29:01.712,74,1,Shot,Real Madrid,Real Madrid,"[109.0, 46.0]",Cristiano Ronaldo dos Santos Aveiro,Left Wing,,,,,,,,,,,,0.07576507,"[119.0, 40.7, 4.5]",Open Play,Off T,Overhead Kick,Right Foot,,,,,,,,True,,18241,,,,
58115687-62b1-4e96-9b28-ce01df82cfdc,2,00:32:02.515,77,2,Shot,Real Madrid,Real Madrid,"[109.0, 56.0]",Gareth Frank Bale,Right Wing,,,,,,,,,,,,0.05481827,"[119.0, 45.2, 0.2]",Open Play,Off T,Normal,Left Foot,,,,,,,,,,18241,,,,
bba623b0-f903-47c0-a321-a3c0f9f82a92,2,00:45:15.153,90,15,Shot,Atlético Madrid,Atlético Madrid,"[100.0, 24.0]",José Ernesto Sosa,Right Midfield,,,,,,,,,,,,0.05153192,"[119.0, 36.6, 1.6]",Free Kick,Saved,Normal,Right Foot,,,,,,,,,,18241,,,,
92a52dca-8623-4215-9e02-f8eb87575d48,2,00:47:28.468,92,28,Shot,Real Madrid,Real Madrid,"[104.0, 23.0]",Ángel Fabián Di María Hernández,Left Center Midfield,,,,,,,,,,,,0.026769364,"[107.0, 24.0]",Open Play,Blocked,Normal,Left Foot,,,,,,,,,,18241,,,,
421efef6-f7c1-4616-b1f1-82ea9c3367fa,2,00:47:48.626,92,48,Shot,Real Madrid,Real Madrid,"[108.0, 41.0]",Sergio Ramos García,Left Center Back,,,,,,,,,,,,0.059337225,"[119.0, 36.4, 1.3]",Open Play,Goal,Normal,Head,,,,,,,,,,18241,,,,
af4fb09e-6209-459a-94b8-4b636bd8d964,3,00:06:18.676,96,18,Shot,Real Madrid,Real Madrid,"[88.0, 54.0]",Cristiano Ronaldo dos Santos Aveiro,Left Wing,,,,,,,,,,,,0.0059263874,"[120.0, 61.0]",Open Play,Wayward,Normal,Right Foot,,,,,,,,,,18241,,,,
52780483-35f7-4e46-86fa-c27bde7ba36a,3,00:10:00.037,100,0,Shot,Real Madrid,Real Madrid,"[99.0, 21.0]",Cristiano Ronaldo dos Santos Aveiro,Left Wing,,,,,,,,,,,,0.013109211,"[105.0, 26.0]",Free Kick,Blocked,Normal,Right Foot,,,,,,,,,,18241,,,,
095d38e2-2cf8-4567-8f59-9d0010eed198,3,00:16:12.398,106,12,Shot,Real Madrid,Real Madrid,"[109.0, 43.0]",Raphaël Varane,Right Center Back,,,,,,,,,,,,0.065459944,"[120.0, 41.3, 1.4]",Open Play,Saved,Normal,Head,,,,,,,,,,18241,,,,
1870cd9e-18dc-46d6-9715-59eaba1ebbab,4,00:02:39.314,107,39,Shot,Atlético Madrid,Real Madrid,"[92.0, 45.0]",Luka Modrić,Right Center Midfield,,,,,,,,,,,,0.028465914,"[116.0, 37.4, 0.9]",Open Play,Saved,Normal,Right Foot,,,,,,,True,,,18241,,,,
0d64fc55-2ac0-4c75-9e64-d1d97dd3d1bd,4,00:03:47.584,108,47,Shot,Atlético Madrid,Atlético Madrid,"[114.0, 37.0]",Diego Roberto Godín Leal,Left Center Back,,,,,,,,,,,,0.1771205,"[120.0, 37.2, 1.5]",Open Play,Saved,Normal,Head,,,,,,,,,,18241,,,,
149fc400-919b-4eef-aa7d-982d76b64f4c,4,00:04:51.435,109,51,Shot,Real Madrid,Real Madrid,"[109.0, 27.0]",Ángel Fabián Di María Hernández,Left Center Midfield,,,,,,,,,,,,0.19635598,"[116.0, 39.7, 0.7]",Open Play,Saved,Normal,Left Foot,,,,,,,,,,18241,,,,
c9e94df6-7244-4f4a-814a-0195a03d115c,4,00:04:53.012,109,53,Shot,Real Madrid,Real Madrid,"[117.0, 44.0]",Gareth Frank Bale,Right Wing,,,,,,,,,,,,0.62730366,"[120.0, 41.1, 2.2]",Open Play,Goal,Normal,Head,,,,,,,,,,18241,,,,
4be95fb7-0e95-4bea-881d-7b53f6266258,4,00:08:08.881,113,8,Shot,Atlético Madrid,Atlético Madrid,"[113.0, 26.0]",Tiago Cardoso Mendes,Left Defensive Midfield,,,,,,,,,,,,0.06635372,"[120.0, 41.3, 3.8]",Open Play,Off T,Half Volley,Right Foot,,,,,,,,,,18241,,,,
d0959a47-bc79-48f6-8e6d-9c32531fcc19,4,00:12:07.157,117,7,Shot,Real Madrid,Real Madrid,"[102.0, 34.0]",Marcelo Vieira da Silva Júnior,Left Back,,,,,,,,,,,,0.089923956,"[120.0, 40.1, 0.2]",Open Play,Goal,Normal,Left Foot,,,,,,,,,,18241,,,,
8b6b58dc-d2bd-48bf-851e-51227e31e6bd,4,00:14:53.690,119,53,Shot,Real Madrid,Real Madrid,"[108.0, 40.0]",Cristiano Ronaldo dos Santos Aveiro,Left Wing,,,,,,,,,,,,0.7835,"[120.0, 42.4, 1.5]",Penalty,Goal,Normal,Right Foot,,,,,,,,,,18241,,,,
687a600e-e052-4247-9e2e-79cfacd14c99,4,00:18:03.985,123,3,Shot,Atlético Madrid,Atlético Madrid,"[56.0, 41.0]",Diego Roberto Godín Leal,Left Center Back,,,,,,,,,,,,0.0054786536,"[120.0, 42.6, 1.6]",Open Play,Saved,Normal,Right Foot,,,,,,,,,,18241,,,,
00ae9b6a-5b1a-49d0-883a-89b573a604ee,1,00:04:01.152,4,1,Shot,Bayern Munich,Bayern Munich,"[98.0, 37.0]",Bastian Schweinsteiger,Right Defensive Midfield,,,,,,,,,,,,0.082112305,"[102.0, 38.0]",Open Play,Blocked,Normal,Left Foot,,,,,,,,,,18237,,,,
c8c2f9aa-e1ce-4467-9348-e350ab2d85e4,1,00:04:36.337,4,36,Shot,Bayern Munich,Bayern Munich,"[100.0, 27.0]",Toni Kroos,Left Defensive Midfield,,,,,,,,,,,,0.033942744,"[120.0, 35.4, 0.3]",Open Play,Off T,Normal,Right Foot,,,,,,,,True,,18237,,,,
3063b4dd-e60e-483d-8890-f06484512fea,1,00:07:51.658,7,51,Shot,Bayern Munich,Bayern Munich,"[106.0, 56.0]",Arjen Robben,Right Wing,,,,,,,,,,,,0.036090244,"[120.0, 35.4, 6.5]",Open Play,Off T,Normal,Left Foot,,,,,,,,,,18237,,,,
94b83ce9-5ac2-4d3a-860f-f4ad92cd7e1b,1,00:12:44.234,12,44,Shot,Bayern Munich,Bayern Munich,"[111.0, 37.0]",Mario Gómez García,Center Forward,,,,,,,,,,,,0.11271639,"[120.0, 38.0, 5.3]",Open Play,Off T,Diving Header,Head,,,,,,,,,,18237,,,,
ca99beb1-ca11-40ab-9017-567f31f19792,1,00:17:48.175,17,48,Shot,Bayern Munich,Bayern Munich,"[109.0, 41.0]",Arjen Robben,Right Wing,,,,,,,,,,,,0.04427424,"[114.0, 40.0]",Open Play,Blocked,Volley,Left Foot,,,,,,,,True,,18237,,,,
e62f96c8-620a-4c26-8f54-92b7f25d7055,1,00:20:48.302,20,48,Shot,Bayern Munich,Bayern Munich,"[109.0, 28.0]",Arjen Robben,Right Wing,,,,,,,,,,,,0.09132079,"[119.0, 37.6, 0.2]",Open Play,Saved,Normal,Left Foot,,,,,,,,,,18237,,,,
8297d1d6-80d9-4f8b-bbc9-2c3fbea4088f,1,00:28:33.269,28,33,Shot,Bayern Munich,Bayern Munich,"[99.0, 57.0]",Arjen Robben,Right Wing,,,,,,,,,,,,0.040236156,"[106.0, 51.0]",Free Kick,Blocked,Normal,Left Foot,,,,,,,,,,18237,,,,
77d6f86a-2f39-4edc-94c9-edfe465f442e,1,00:31:46.729,31,46,Shot,Bayern Munich,Bayern Munich,"[103.0, 52.0]",Arjen Robben,Right Wing,,,,,,,,,,,,0.055031057,"[120.0, 42.4, 0.9]",Open Play,Saved,Half Volley,Left Foot,,,,,,,,True,,18237,,,,
0158e2bf-192f-4197-a2cf-8b7a3ae4a4f9,1,00:33:37.762,33,37,Shot,Chelsea,Chelsea,"[98.0, 57.0]",Juan Manuel Mata García,Center Attacking Midfield,,,,,,,,,,,,0.042730007,"[119.0, 42.4, 3.8]",Free Kick,Off T,Normal,Left Foot,,,,,,,,,,18237,,,,
3b5abe0c-0bb1-4cfd-ab3f-5a17c212d392,1,00:34:25.048,34,25,Shot,Bayern Munich,Bayern Munich,"[105.0, 21.0]",Franck Bilal Ribéry,Left Wing,,,,,,,,,,,,0.013519322,"[120.0, 35.0, 0.2]",Open Play,Off T,Normal,Right Foot,,,,,,,,,,18237,,,,
c4a2e7ea-f127-4707-b523-421eaae6ac0a,1,00:35:13.400,35,13,Shot,Bayern Munich,Bayern Munich,"[108.0, 40.0]",Thomas Müller,Center Attacking Midfield,,,,,,,,,,,,0.11301507,"[120.0, 34.0, 0.5]",Open Play,Off T,Volley,Left Foot,,,,,,,,True,,18237,,,,
ada1b4f6-322c-487b-a20b-08af0be16c68,1,00:36:50.876,36,50,Shot,Chelsea,Chelsea,"[104.0, 60.0]",Salomon Armand Magloire Kalou,Right Wing,,,,,,,,,,,,0.013345487,"[119.0, 43.8, 1.1]",Open Play,Saved,Normal,Right Foot,,,,,,,,True,,18237,,,,
60eace19-683b-4cfd-b21b-164bf5075db3,1,00:38:41.397,38,41,Shot,Bayern Munich,Bayern Munich,"[106.0, 49.0]",Mario Gómez García,Center Forward,,,,,,,,,,,,0.055051412,"[108.0, 48.0]",Open Play,Blocked,Overhead Kick,Left Foot,,,,,,,,,,18237,,,,
22a18ac4-d5c5-4e5a-bf0d-ca779bc6a990,1,00:38:44.833,38,44,Shot,Bayern Munich,Bayern Munich,"[107.0, 23.0]",Franck Bilal Ribéry,Left Wing,,,,,,,,,,,,0.043476354,"[113.0, 51.0]",Open Play,Wayward,Half Volley,Right Foot,,,,,,,,True,,18237,,,,
fb04154c-be29-4e3e-82e9-7b30c8bf3a30,1,00:39:54.261,39,54,Shot,Bayern Munich,Bayern Munich,"[85.0, 50.0]",Anatoliy Tymoshchuk,Right Center Back,,,,,,,,,,,,0.0060392558,"[102.0, 43.0]",Open Play,Blocked,Normal,Right Foot,,,,,,,,,,18237,,,,
27513203-1f93-4262-8d98-db2bb8ce1ed2,1,00:39:55.023,39,55,Shot,Bayern Munich,Bayern Munich,"[102.0, 41.0]",Mario Gómez García,Center Forward,,,,,,,,,,,,0.11300236,"[120.0, 47.3, 1.4]",Open Play,Off T,Volley,Left Foot,,,,,,,,,,18237,,True,,
ba8bbc75-000a-4237-8a3f-8de86d7eb987,1,00:41:51.218,41,51,Shot,Bayern Munich,Bayern Munich,"[106.0, 42.0]",Mario Gómez García,Center Forward,,,,,,,,,,,,0.1432082,"[120.0, 37.8, 6.0]",Open Play,Off T,Normal,Left Foot,,,,,,,,,,18237,,,,
31267b2d-b979-4d02-96fc-024ba2fd9357,2,00:03:01.036,48,1,Shot,Bayern Munich,Bayern Munich,"[93.0, 57.0]",Toni Kroos,Left Defensive Midfield,,,,,,,,,,,,0.008729083,"[110.0, 46.0]",Open Play,Blocked,Normal,Right Foot,,,,,,,,,,18237,,,,
105b642e-5a6f-4275-a5cc-ab63595bcd5a,2,00:05:01.640,50,1,Shot,Chelsea,Chelsea,"[86.0, 24.0]",Didier Yves Drogba Tébily,Center Forward,,,,,,,,,,,,0.006869722,"[120.0, 34.4, 0.8]",Open Play,Off T,Half Volley,Right Foot,,,,,,,,,,18237,,,,
97735b78-9a0b-473a-a0f0-7ad6362109a3,2,00:07:47.795,52,47,Shot,Chelsea,Chelsea,"[107.0, 61.0]",Didier Yves Drogba Tébily,Center Forward,,,,,,,,,,,,0.0082937945,"[110.0, 57.0]",Open Play,Blocked,Normal,Right Foot,,,,,,,,True,,18237,,,,
bf1ee838-b9ec-4af6-ba12-fd722ca0d42c,2,00:08:03.669,53,3,Shot,Bayern Munich,Bayern Munich,"[103.0, 40.0]",Arjen Robben,Right Wing,,,,,,,,,,,,0.089607805,"[111.0, 41.0]",Open Play,Blocked,Normal,Left Foot,,,,,,,,True,,18237,,,,
13b5e509-de93-4f71-878a-9064609a66e6,2,00:10:55.732,55,55,Shot,Bayern Munich,Bayern Munich,"[95.0, 19.0]",Toni Kroos,Left Defensive Midfield,,,,,,,,,,,,0.007226251,"[119.0, 34.0, 4.7]",Open Play,Off T,Normal,Left Foot,,,,,,,,,,18237,,,,
62d5176a-a3fd-433c-90bb-d410467c58b3,2,00:13:54.607,58,54,Shot,Bayern Munich,Bayern Munich,"[105.0, 35.0]",Arjen Robben,Right Wing,,,,,,,,,,,,0.07289705,"[108.0, 36.0]",Open Play,Blocked,Half Volley,Left Foot,,,,,,,,,,18237,,,,
f20111d1-5222-46e0-adc3-437fd9733987,2,00:15:58.012,60,58,Shot,Bayern Munich,Bayern Munich,"[113.0, 38.0]",Bastian Schweinsteiger,Right Defensive Midfield,,,,,,,,,,,,0.1257747,"[120.0, 15.0]",Open Play,Wayward,Normal,Head,,,,,,,,,,18237,,,,
61947185-992f-449c-82d6-0bed076b73f1,2,00:18:17.152,63,17,Shot,Bayern Munich,Bayern Munich,"[98.0, 46.0]",Franck Bilal Ribéry,Left Wing,,,,,,,,,,,,0.04734362,"[119.0, 33.1, 0.2]",Open Play,Off T,Normal,Right Foot,,,,,,,,,,18237,,,,
22c30d54-5293-47e8-ba25-27736a92d72c,2,00:20:46.292,65,46,Shot,Bayern Munich,Bayern Munich,"[110.0, 30.0]",Thomas Müller,Center Attacking Midfield,,,,,,,,,,,,0.09081695,"[111.0, 31.0]",Open Play,Blocked,Half Volley,Right Foot,,,,,,,,True,,18237,,,,
151b27e4-372f-4604-8cb1-10fbf809fa99,2,00:22:11.086,67,11,Shot,Bayern Munich,Bayern Munich,"[99.0, 58.0]",Arjen Robben,Right Wing,,,,,,,,,,,,0.01556608,"[101.0, 56.0]",Open Play,Blocked,Normal,Left Foot,,,,,,,,,,18237,,,,
2d97b8a7-bb2b-45a0-b304-83ac8bf8f1e0,2,00:24:32.499,69,32,Shot,Bayern Munich,Bayern Munich,"[101.0, 49.0]",Toni Kroos,Left Defensive Midfield,,,,,,,,,,,,0.06187052,"[111.0, 45.0]",Open Play,Blocked,Normal,Right Foot,,,,,,,,True,,18237,,,,
7698da10-4f71-43fd-8c30-47e3613f8249,2,00:25:36.049,70,36,Shot,Bayern Munich,Bayern Munich,"[102.0, 52.0]",Arjen Robben,Right Wing,,,,,,,,,,,,0.039064668,"[104.0, 51.0]",Open Play,Blocked,Normal,Left Foot,,,,,,,,,,18237,,,,
bdfc5a64-6c84-4d8b-a9dd-09f64aa24dd8,2,00:26:42.543,71,42,Shot,Bayern Munich,Bayern Munich,"[98.0, 23.0]",Arjen Robben,Right Wing,,,,,,,,,,,,0.022072958,"[118.0, 38.1, 1.7]",Open Play,Saved,Normal,Right Foot,,,,,,,,,,18237,,,,
48479c5c-2ebf-4c49-a155-8a880bb51a1c,2,00:28:15.723,73,15,Shot,Chelsea,Chelsea,"[111.0, 55.0]",Didier Yves Drogba Tébily,Center Forward,,,,,,,,,,,,0.036187388,"[117.0, 37.2, 1.5]",Open Play,Saved,Half Volley,Left Foot,,,,,,,,True,,18237,,,,
f5ecb8ac-5aad-4292-93fa-55c0c82d0d10,2,00:31:17.452,76,17,Shot,Bayern Munich,Bayern Munich,"[94.0, 24.0]",Toni Kroos,Left Defensive Midfield,,,,,,,,,,,,0.014862448,"[99.0, 27.0]",Open Play,Blocked,Normal,Left Foot,,,,,,,,,,18237,,,,
2eec0df5-2696-4aa3-8acb-e21dbf7b574d,2,00:32:41.084,77,41,Shot,Bayern Munich,Bayern Munich,"[108.0, 47.0]",Thomas Müller,Center Attacking Midfield,,,,,,,,,,,,0.13611056,"[120.0, 30.5, 0.5]",Open Play,Off T,Half Volley,Right Foot,,,,,,,,True,,18237,,,,
9c605adc-ca4c-4ccb-8381-154dd54fa370,2,00:36:39.299,81,39,Shot,Bayern Munich,Bayern Munich,"[111.0, 43.0]",Thomas Müller,Center Attacking Midfield,,,,,,,,,,,,0.0841147,"[118.0, 42.2, 1.6]",Open Play,Saved,Normal,Head,,,,,,,,,,18237,,,,
63938240-cec1-4109-a1a3-f043c662298b,2,00:37:11.508,82,11,Shot,Bayern Munich,Bayern Munich,"[117.0, 49.0]",Thomas Müller,Center Attacking Midfield,,,,,,,,,,,,0.10841268,"[120.0, 43.6, 2.4]",Open Play,Goal,Normal,Head,,,,,,,,,,18237,True,,,
7249bb24-f8dd-4f7e-8b57-f586f6f75fd0,2,00:39:09.929,84,9,Shot,Bayern Munich,Bayern Munich,"[104.0, 40.0]",Arjen Robben,Right Wing,,,,,,,,,,,,0.042748276,"[117.0, 41.3, 0.4]",Open Play,Saved,Normal,Left Foot,,,,,,,,,,18237,,,,
2c4fae73-a8be-4e14-83a4-53fed157de97,2,00:42:52.974,87,52,Shot,Chelsea,Chelsea,"[113.0, 49.0]",Didier Yves Drogba Tébily,Center Forward,,,,,,,,,,,,0.06846363,"[120.0, 42.6, 2.3]",Open Play,Goal,Normal,Head,,,,,,,,,,18237,,,,
7a04811f-92a8-4970-bc4e-d7aa59fa107a,2,00:45:11.916,90,11,Shot,Bayern Munich,Bayern Munich,"[104.0, 31.0]",Arjen Robben,Right Wing,,,,,,,,,,,,0.06493127,"[107.0, 33.0]",Open Play,Blocked,Normal,Left Foot,,,,,,,,,,18237,,,,
8346a447-8195-400e-9591-9490dac62783,2,00:49:10.891,94,10,Shot,Chelsea,Chelsea,"[94.0, 50.0]",Didier Yves Drogba Tébily,Center Forward,,,,,,,,,,,,0.05003179,"[120.0, 42.8, 6.2]",Free Kick,Off T,Normal,Right Foot,,,,,,,,,,18237,,,,
12fe12a7-b911-4395-9a60-491d8248ee86,3,00:00:48.486,90,48,Shot,Chelsea,Chelsea,"[92.0, 46.0]",Frank Lampard,Left Defensive Midfield,,,,,,,,,,,,0.028141033,"[103.0, 41.0]",Open Play,Blocked,Normal,Right Foot,,,,,,,,True,,18237,,,,
e3b00b9a-caca-4ca2-b3d7-15bf02f581b5,3,00:01:07.057,91,7,Shot,Chelsea,Chelsea,"[98.0, 47.0]",Juan Manuel Mata García,Center Attacking Midfield,,,,,,,,,,,,0.03778899,"[103.0, 46.0]",Open Play,Blocked,Half Volley,Left Foot,,,,,,,,,,18237,,,,
cd891e20-523e-476f-9eb2-feeccdc814d3,3,00:02:33.815,92,33,Shot,Bayern Munich,Bayern Munich,"[99.0, 29.0]",Toni Kroos,Center Attacking Midfield,,,,,,,,,,,,0.039436992,"[102.0, 30.0]",Open Play,Blocked,Normal,Right Foot,,,,,,,,,,18237,,,,
0c34c7f4-4f70-4f05-a0dc-4e9845c02e6d,3,00:04:45.262,94,45,Shot,Bayern Munich,Bayern Munich,"[109.0, 41.0]",Arjen Robben,Right Wing,,,,,,,,,,,,0.7835,"[120.0, 42.0, 0.5]",Penalty,Saved,Normal,Left Foot,,,,,,,,,,18237,,,,
6d1b3cdd-aaac-4352-9ab7-9d9cb7a23fd0,3,00:05:09.731,95,9,Shot,Bayern Munich,Bayern Munich,"[101.0, 56.0]",Arjen Robben,Right Wing,,,,,,,,,,,,0.025652174,"[120.0, 35.6, 7.2]",Open Play,Off T,Normal,Left Foot,,,,,,,,,,18237,,,,
3f05aefb-ca4c-472d-b13f-60a6e906c498,3,00:06:53.412,96,53,Shot,Bayern Munich,Bayern Munich,"[114.0, 49.0]",Daniel Van Buyten,Right Center Back,,,,,,,,,,,,0.08173176,"[115.0, 48.0]",Open Play,Blocked,Half Volley,Right Foot,,,,,,,,,,18237,,,,
81b06e10-2875-4bd0-a471-8a64a5c71f36,4,00:02:15.649,107,15,Shot,Bayern Munich,Bayern Munich,"[96.0, 53.0]",Jérôme Boateng,Left Center Back,,,,,,,,,,,,0.024759334,"[110.0, 45.0]",Open Play,Blocked,Normal,Right Foot,,,,,,,,,,18237,,,,
cd2cd1f5-e595-4d9f-b501-d661fa07bc15,4,00:06:20.283,111,20,Shot,Bayern Munich,Bayern Munich,"[113.0, 43.0]",Mario Gómez García,Center Forward,,,,,,,,,,,,0.45943546,"[114.0, 43.0]",Open Play,Blocked,Volley,Right Foot,,,,,,,,True,,18237,,,,
7d2c3a2d-7135-4cfd-ae05-76cfc8efe641,4,00:07:52.443,112,52,Shot,Bayern Munich,Bayern Munich,"[99.0, 52.0]",Arjen Robben,Right Wing,,,,,,,,,,,,0.04517782,"[120.0, 32.3, 5.5]",Open Play,Off T,Normal,Left Foot,,,,,,,,,,18237,,,,
58ac6612-0ade-444c-ad21-15d08d2633de,4,00:13:07.835,118,7,Shot,Bayern Munich,Bayern Munich,"[84.0, 39.0]",Anatoliy Tymoshchuk,Right Defensive Midfield,,,,,,,,,,,,0.011481188,"[91.0, 39.0]",Open Play,Blocked,Normal,Right Foot,,,,,,,,,,18237,,,,
81e22b49-addf-47d2-936a-fedb5d0c10c6,5,00:00:11.434,120,11,Shot,Bayern Munich,Bayern Munich,"[108.0, 40.0]",Philipp Lahm,Right Back,,,,,,,,,,,,0.7835,"[120.0, 43.4, 1.7]",Penalty,Goal,Normal,Right Foot,,,,,,,,,,18237,,,,
8330be18-c540-481d-a946-112b813f6af2,5,00:00:56.372,120,56,Shot,Chelsea,Chelsea,"[108.0, 40.0]",Juan Manuel Mata García,Center Attacking Midfield,,,,,,,,,,,,0.7835,"[119.0, 41.3, 0.5]",Penalty,Saved,Normal,Left Foot,,,,,,,,,,18237,,,,
02307817-1740-490e-ab2d-79fec3618ca3,5,00:01:33.908,121,33,Shot,Bayern Munich,Bayern Munich,"[108.0, 40.0]",Mario Gómez García,Center Forward,,,,,,,,,,,,0.7835,"[119.0, 43.2, 0.2]",Penalty,Goal,Normal,Right Foot,,,,,,,,,,18237,,,,
8d14582c-8f2b-4814-8509-fdc81326637c,5,00:02:14.297,122,14,Shot,Chelsea,Chelsea,"[108.0, 40.0]",David Luiz Moreira Marinho,Left Center Back,,,,,,,,,,,,0.7835,"[119.0, 43.6, 2.0]",Penalty,Goal,Normal,Right Foot,,,,,,,,,,18237,,,,
364fd9d8-76cd-49fd-ac6d-0b414fc7c653,5,00:03:03.170,123,3,Shot,Bayern Munich,Bayern Munich,"[108.0, 40.0]",Manuel Neuer,Goalkeeper,,,,,,,,,,,,0.7835,"[119.0, 36.6, 0.5]",Penalty,Goal,Normal,Right Foot,,,,,,,,,,18237,,,,
77d35786-8a38-4878-bb93-44d87b29af35,5,00:03:48.093,123,48,Shot,Chelsea,Chelsea,"[108.0, 40.0]",Frank Lampard,Left Defensive Midfield,,,,,,,,,,,,0.7835,"[119.0, 40.1, 1.8]",Penalty,Goal,Normal,Right Foot,,,,,,,,,,18237,,,,
7241b443-c6e5-4f6b-aa86-dca0086fb3ea,5,00:04:28.006,124,28,Shot,Bayern Munich,Bayern Munich,"[108.0, 40.0]",Ivica Olić,Left Wing,,,,,,,,,,,,0.7835,"[119.0, 42.6, 1.2]",Penalty,Saved,Normal,Left Foot,,,,,,,,,,18237,,,,
01992a93-2d14-4586-961d-02ccddd789a3,5,00:05:18.193,125,18,Shot,Chelsea,Chelsea,"[108.0, 40.0]",Ashley Cole,Left Back,,,,,,,,,,,,0.7835,"[120.0, 43.8, 1.2]",Penalty,Goal,Normal,Left Foot,,,,,,,,,,18237,,,,
18d17a04-728f-4622-a8e4-bdd5203157d9,5,00:06:04.745,126,4,Shot,Bayern Munich,Bayern Munich,"[108.0, 40.0]",Bastian Schweinsteiger,Left Defensive Midfield,,,,,,,,,,,,0.7835,"[119.0, 43.2, 0.9]",Penalty,Saved,Normal,Right Foot,,,,,,,,,,18237,,,,
0305bd45-4243-4657-9db1-72ae41eaa2f9,5,00:07:06.692,127,6,Shot,Chelsea,Chelsea,"[108.0, 40.0]",Didier Yves Drogba Tébily,Center Forward,,,,,,,,,,,,0.7835,"[120.0, 36.8, 0.2]",Penalty,Goal,Normal,Right Foot,,,,,,,,,,18237,,,,
04948584-8217-48d0-9853-dcf4d7143860,1,00:09:50.848,9,50,Shot,Liverpool,Liverpool,"[110.7, 55.3]",Jermaine Pennant,Right Wing,,,,,,,,,,,,0.04993875,"[116.5, 44.2, 0.3]",Open Play,Saved,Normal,Right Foot,,,,,,,,True,,3750200,,,,
4d4add73-9721-4056-899a-156db6a3b841,1,00:16:17.321,16,17,Shot,AC Milan,AC Milan,"[89.0, 36.8]",Ricardo Izecson dos Santos Leite,Right Attacking Midfield,,,,,,,,,,,,0.019567935,"[117.9, 43.0, 0.7]",Open Play,Saved,Normal,Right Foot,,,,,,,,,,3750200,,,,
b6849131-b60e-454e-850b-3f1aea317bd5,1,00:22:32.655,22,32,Shot,Liverpool,Liverpool,"[101.5, 28.1]",Steven Gerrard,Center Attacking Midfield,,,,,,,,,,,,0.045748424,"[120.0, 42.8, 6.7]",Open Play,Off T,Half Volley,Right Foot,,,,,,,,,,3750200,,,,
596c1269-e21b-4358-894e-62b097b9bf67,1,00:26:39.161,26,39,Shot,Liverpool,Liverpool,"[94.5, 48.6]",Xabier Alonso Olano,Left Center Midfield,,,,,,,,,,,,0.028044768,"[120.0, 35.2, 0.5]",Open Play,Off T,Normal,Right Foot,,,,,,,,True,,3750200,,,,
4f2b4431-c7b2-4db1-90bf-3234fc79a3cc,1,00:31:20.712,31,20,Shot,Liverpool,Liverpool,"[88.2, 32.4]",John Arne Semundseth Riise,Left Back,,,,,,,,,,,,0.023730466,"[120.0, 38.6, 4.5]",Open Play,Off T,Normal,Left Foot,,,,,,,,,,3750200,,,,
9738a2a4-39b1-40de-84e2-582d8c94d594,1,00:35:20.340,35,20,Shot,Liverpool,Liverpool,"[106.0, 40.3]",Dirk Kuijt,Center Forward,,,,,,,,,,,,0.07390213,"[107.8, 40.3]",Open Play,Blocked,Normal,Right Foot,,,,,,,,True,,3750200,,,,
eb95d7b5-b453-458f-a04d-d60391fcef3f,1,00:44:28.073,44,28,Shot,AC Milan,AC Milan,"[96.1, 36.0]",Andrea Pirlo,Center Defensive Midfield,,,,,,,,,,,,0.07133702,"[109.3, 40.3]",Free Kick,Blocked,Normal,Right Foot,,,,,,,,,,3750200,,,,
afb3e917-b271-41a8-add7-88edca0f96c9,1,00:44:28.426,44,28,Shot,AC Milan,AC Milan,"[109.5, 40.9]",Filippo Inzaghi,Center Forward,,,,,,,,,,,,0.18218282,"[120.0, 40.5, 0.6]",Open Play,Goal,Normal,Other,,,,,,,,,,3750200,,True,,
7d50c4a9-be2e-4cf1-9b59-aa47d3cf4a3e,2,00:02:39.897,47,39,Shot,Liverpool,Liverpool,"[111.4, 33.2]",Daniel Munthe Agger,Left Center Back,,,,,,,,,,,,0.040920705,"[120.0, 27.0, 0.5]",Open Play,Off T,Normal,Head,,,,,,,,,,3750200,,,,
46d5d83e-e3b5-4fb6-8fa5-2a8f311ae2af,2,00:14:53.511,59,53,Shot,AC Milan,AC Milan,"[95.6, 22.2]",Andrea Pirlo,Center Defensive Midfield,,,,,,,,,,,,0.010338778,"[120.0, 36.6, 3.5]",Free Kick,Off T,Normal,Right Foot,,,,,,,,,,3750200,,,,
986f47db-df93-488c-a8e9-6cca0379fd51,2,00:17:01.313,62,1,Shot,AC Milan,Liverpool,"[111.0, 27.9]",Steven Gerrard,Center Attacking Midfield,,,,,,,,,,,,0.14369622,"[116.8, 37.8, 0.2]",Open Play,Saved,Normal,Right Foot,,,,,,,,,,3750200,True,,,
2571a205-1b14-4e43-aabc-9f365117a9d8,2,00:22:48.677,67,48,Shot,Liverpool,Liverpool,"[99.2, 20.9]",John Arne Semundseth Riise,Left Back,,,,,,,,,,,,0.009766074,"[120.0, 56.5, 0.5]",Open Play,Off T,Normal,Left Foot,,,,,,,,,,3750200,,,,
a8590328-b34d-4a63-90f9-a623030a6b5a,2,00:26:44.547,71,44,Shot,AC Milan,Liverpool,"[92.4, 53.2]",Steven Gerrard,Center Attacking Midfield,,,,,,,,,,,,0.019804774,"[120.0, 34.0, 0.2]",Open Play,Off T,Normal,Right Foot,,,,,,,,,,3750200,,,,
a8d7d217-8b9e-4c87-aa72-e03381ff1531,2,00:30:40.456,75,40,Shot,AC Milan,AC Milan,"[101.1, 27.3]",Clarence Seedorf,Left Attacking Midfield,,,,,,,,,,,,0.025320701,"[109.3, 33.7]",Open Play,Blocked,Half Volley,Right Foot,,,,,,,,True,,3750200,,,,
82017a86-dd1d-4792-83f9-9ed4ccd42445,2,00:36:53.213,81,53,Shot,AC Milan,AC Milan,"[114.7, 53.4]",Filippo Inzaghi,Center Forward,,,,,,,,,,,,0.15057753,"[120.0, 38.7, 0.2]",Open Play,Goal,Normal,Right Foot,,,,,,,,,,3750200,True,,,
1a5b383a-dac0-4782-9419-4f25b321cd69,2,00:39:28.903,84,28,Shot,Liverpool,Liverpool,"[96.3, 22.4]",John Arne Semundseth Riise,Left Back,,,,,,,,,,,,0.012088103,"[100.4, 24.1]",Open Play,Blocked,Normal,Left Foot,,,,,,,,True,,3750200,,,,
e5880520-e157-42fa-8c0e-e62c65002504,2,00:39:58.148,84,58,Shot,Liverpool,Liverpool,"[93.3, 45.5]",Peter Crouch,Right Center Forward,,,,,,,,,,,,0.034697767,"[117.0, 40.1, 2.3]",Open Play,Saved,Normal,Right Foot,,,,,,,,,,3750200,,,,
e0493116-eea1-4386-98f0-2b8d75d44b3c,2,00:43:10.435,88,10,Shot,Liverpool,Liverpool,"[110.6, 32.3]",Daniel Munthe Agger,Left Center Back,,,,,,,,,,,,0.03497667,"[111.6, 33.2]",Open Play,Blocked,Normal,Head,,,,,,,,,,3750200,,,,
4969dea5-a145-44f6-ae0d-74df36be7458,2,00:43:11.227,88,11,Shot,Liverpool,Liverpool,"[116.9, 44.3]",Dirk Kuijt,Left Center Forward,,,,,,,,,,,,0.3990517,"[120.0, 37.0, 1.2]",Open Play,Goal,Normal,Head,,,,,,,,,,3750200,,,True,
0a5663c0-8f10-47c9-b72b-a78c7fafcfad,2,00:47:07.195,92,7,Shot,Liverpool,Liverpool,"[89.5, 53.5]",Steven Gerrard,Right Center Midfield,,,,,,,,,,,,0.00894332,"[104.8, 44.6]",Open Play,Blocked,Half Volley,Right Foot,,,,,,,,,,3750200,,,,
ea96e2b2-af1e-4157-a700-5919a9c075dc,1,00:01:48.568,1,48,Shot,Liverpool,Liverpool,"[108.2, 40.1]",Mohamed Salah,Right Wing,,,,,,,,,,,,0.7835,"[120.0, 42.5, 0.9]",Penalty,Goal,Normal,Left Foot,,,,,,,,,,22912,,,,
67b9cbde-0eb7-4800-9bfe-c2ce1ad406a6,1,00:09:04.723,9,4,Shot,Tottenham Hotspur,Tottenham Hotspur,"[91.9, 43.1]",Moussa Sissoko,Right Defensive Midfield,,,,,,,,,,,,0.026188651,"[120.0, 46.5, 5.2]",Open Play,Off T,Normal,Right Foot,,,,,,,,,,22912,,,,
08c3746b-a125-4adb-991e-c8053578451a,1,00:16:48.573,16,48,Shot,Liverpool,Liverpool,"[90.2, 59.3]",Trent Alexander-Arnold,Right Back,,,,,,,,,,,,0.0062032556,"[120.0, 34.7, 0.8]",Open Play,Off T,Normal,Right Foot,,,,,,,,,,22912,,,,
8fb3106d-10fb-42c6-bcf6-2ea34c7ff9a3,1,00:20:31.085,20,31,Shot,Liverpool,Liverpool,"[95.2, 47.2]",Mohamed Salah,Right Wing,,,,,,,,,,,,0.03979926,"[99.7, 46.2]",Open Play,Blocked,Normal,Left Foot,,,,,,,,,,22912,,,,
4004264d-14a1-4e0d-b01d-a5d025e26c17,1,00:21:53.381,21,53,Shot,Liverpool,Liverpool,"[113.0, 59.5]",Mohamed Salah,Right Wing,,,,,,,,,,,,0.007077651,"[113.2, 0.1]",Open Play,Wayward,Normal,Left Foot,,,,,,,,,,22912,,,,
ac439699-4dde-42dd-9f67-dd9ef6b6e885,1,00:37:48.966,37,48,Shot,Liverpool,Liverpool,"[98.4, 20.4]",Andrew Robertson,Left Back,,,,,,,,,,,,0.0091631785,"[118.3, 37.9, 2.4]",Open Play,Saved,Normal,Left Foot,,,,,,,,,,22912,,,,
8f904ef7-277c-4da9-9508-758c51af8a1f,1,00:38:32.466,38,32,Shot,Liverpool,Liverpool,"[97.6, 37.4]",Mohamed Salah,Right Wing,,,,,,,,,,,,0.038274758,"[120.0, 43.3, 6.4]",Open Play,Off T,Volley,Right Foot,,,,,,,,True,,22912,,,,
25e13a1a-af67-47d7-b179-c0a6328f6d03,1,00:41:11.871,41,11,Shot,Liverpool,Liverpool,"[89.0, 47.9]",Jordan Brian Henderson,Right Center Midfield,,,,,,,,,,,,0.018781843,"[96.1, 46.2]",Open Play,Blocked,Normal,Right Foot,,,,,,,,,,22912,,,,
35d86371-56e1-4f3f-a3c9-f4a9b1bb1e32,1,00:41:50.942,41,50,Shot,Liverpool,Liverpool,"[94.0, 31.3]",Mohamed Salah,Right Wing,,,,,,,,,,,,0.021911133,"[97.2, 32.8]",Open Play,Blocked,Half Volley,Left Foot,,,,,,,,,,22912,,,,
1c2f8976-cb1e-41d2-90a8-4c587306d4bf,1,00:45:19.356,45,19,Shot,Tottenham Hotspur,Tottenham Hotspur,"[96.1, 41.6]",Christian Dannemann Eriksen,Right Wing,,,,,,,,,,,,0.045138687,"[120.0, 37.2, 6.0]",Open Play,Off T,Normal,Left Foot,,,,,,,,,,22912,,,,
a0270fc6-79b0-4054-b570-dfa274e171a0,2,00:07:26.043,52,26,Shot,Liverpool,Liverpool,"[88.6, 39.0]",Fábio Henrique Tavares,Center Defensive Midfield,,,,,,,,,,,,0.020487793,"[91.5, 38.9]",Open Play,Blocked,Normal,Right Foot,,,,,,,,,,22912,,,,
88e73cb6-8cde-4fab-95f6-9a7d7d9b1234,2,00:08:06.415,53,6,Shot,Liverpool,Liverpool,"[110.2, 52.7]",Mohamed Salah,Right Wing,,,,,,,,,,,,0.046969783,"[111.1, 51.3]",Open Play,Blocked,Normal,Left Foot,,,,,,,,,,22912,,,,
a8b0c66e-51f0-4b76-a991-2fe3f4a8c48e,2,00:08:49.466,53,49,Shot,Tottenham Hotspur,Tottenham Hotspur,"[110.8, 49.4]",Bamidele Alli,Center Attacking Midfield,,,,,,,,,,,,0.11269027,"[111.7, 48.2]",Open Play,Blocked,Normal,Right Foot,,,,,,,,,,22912,,,,
dfffee9b-6c44-40b2-aa8b-408ffb592951,2,00:11:56.611,56,56,Shot,Tottenham Hotspur,Tottenham Hotspur,"[101.6, 25.6]",Danny Rose,Left Back,,,,,,,,,,,,0.020857124,"[103.3, 26.6]",Open Play,Blocked,Half Volley,Left Foot,,,,,,,,True,,22912,,,,
e3ae0a6b-4b2d-4738-8c67-61fe693430a4,2,00:12:18.661,57,18,Shot,Tottenham Hotspur,Tottenham Hotspur,"[110.7, 50.3]",Jan Vertonghen,Left Center Back,,,,,,,,,,,,0.057148643,"[120.0, 41.6, 3.8]",Open Play,Off T,Normal,Head,,,,,,,,,,22912,,,,
78e0292d-efae-43fc-b02c-77d0d5bddb6e,2,00:15:18.417,60,18,Shot,Tottenham Hotspur,Tottenham Hotspur,"[92.1, 46.7]",Christian Dannemann Eriksen,Right Wing,,,,,,,,,,,,0.022679387,"[104.5, 42.3]",Open Play,Blocked,Normal,Right Foot,,,,,,,,,,22912,,,,
40332dc4-d7f9-4716-8e44-1d3f75ff685b,2,00:23:10.393,68,10,Shot,Liverpool,Liverpool,"[103.1, 45.9]",James Philip Milner,Left Center Midfield,,,,,,,,,,,,0.044091757,"[120.0, 44.7, 0.3]",Open Play,Off T,Normal,Left Foot,,,,,,,,,,22912,,,,
89bcf4f1-7cdd-4cc0-95e7-60ed13ccec3a,2,00:27:36.500,72,36,Shot,Tottenham Hotspur,Tottenham Hotspur,"[106.0, 27.2]",Bamidele Alli,Left Midfield,,,,,,,,,,,,0.06948169,"[118.6, 40.4, 1.6]",Open Play,Saved,Lob,Right Foot,,,,,,,,True,,22912,,,,
834c48aa-ba51-481c-a5b4-3f91f87b1db4,2,00:33:21.023,78,21,Shot,Tottenham Hotspur,Tottenham Hotspur,"[113.4, 37.4]",Bamidele Alli,Left Midfield,,,,,,,,,,,,0.1563633,"[120.0, 37.1, 3.8]",Open Play,Off T,Normal,Head,,,,,,,,,,22912,,,,
1118eeda-cde7-4662-af23-889052eb24e8,2,00:34:35.289,79,35,Shot,Tottenham Hotspur,Tottenham Hotspur,"[90.8, 44.9]",Heung-Min Son,Right Center Forward,,,,,,,,,,,,0.027245786,"[117.5, 39.4, 0.6]",Open Play,Saved,Normal,Right Foot,,,,,,,,,,22912,,,,
2d031ac5-91ad-4e51-92c5-3a36b4ed1143,2,00:34:40.459,79,40,Shot,Tottenham Hotspur,Tottenham Hotspur,"[106.2, 38.6]",Lucas Rodrigues Moura da Silva,Right Midfield,,,,,,,,,,,,0.07394664,"[118.6, 41.9, 0.2]",Open Play,Saved,Normal,Right Foot,,,,,,,,,,22912,,,,
a5b2497f-ad15-48e5-a187-673d5c9befe9,2,00:35:21.172,80,21,Shot,Tottenham Hotspur,Tottenham Hotspur,"[94.7, 36.9]",Heung-Min Son,Right Center Forward,,,,,,,,,,,,0.040406317,"[115.8, 39.1, 0.2]",Open Play,Saved,Normal,Left Foot,,,,,,,,,,22912,,,,
f3172c1f-4234-4588-bad0-3230d3b43f57,2,00:37:02.620,82,2,Shot,Liverpool,Liverpool,"[93.6, 53.4]",Jordan Brian Henderson,Right Center Midfield,,,,,,,,,,,,0.026962453,"[120.0, 19.8, 0.9]",Open Play,Off T,Half Volley,Right Foot,,,,,,,,,,22912,,,,
7af96bd6-9fe3-4de3-9b91-c000e7a36eca,2,00:39:07.123,84,7,Shot,Tottenham Hotspur,Tottenham Hotspur,"[104.0, 16.9]",Christian Dannemann Eriksen,Right Center Midfield,,,,,,,,,,,,0.008574429,"[118.7, 41.3, 1.6]",Free Kick,Saved,Normal,Right Foot,,,,,,,,,,22912,,,,
697d9519-480f-4b5c-8e6f-26519eea34e7,2,00:39:39.996,84,39,Shot,Tottenham Hotspur,Tottenham Hotspur,"[112.2, 42.0]",Lucas Rodrigues Moura da Silva,Right Midfield,,,,,,,,,,,,0.12961794,"[118.4, 36.5]",Open Play,Blocked,Volley,Right Foot,,,,,,,,,,22912,,,,
b59370eb-a6e7-47e6-abc1-0f8f15d33b47,2,00:41:49.661,86,49,Shot,Liverpool,Liverpool,"[106.0, 38.9]",Virgil van Dijk,Left Center Back,,,,,,,,,,,,0.061952036,"[107.4, 39.0]",Open Play,Blocked,Volley,Right Foot,,,,,,,,True,,22912,,,,
cca34ecd-9dbc-44a1-94db-f244aba90b2f,2,00:41:54.834,86,54,Shot,Liverpool,Liverpool,"[106.1, 31.6]",Divock Okoth Origi,Left Center Midfield,,,,,,,,,,,,0.077972755,"[120.0, 43.5, 0.4]",Open Play,Goal,Normal,Left Foot,,,,,,,,,,22912,,,,
c32e88ca-f722-4dd1-a346-30a66e2b428d,2,00:46:53.515,91,53,Shot,Tottenham Hotspur,Tottenham Hotspur,"[96.9, 27.2]",Danny Rose,Left Back,,,,,,,,,,,,0.026976045,"[119.0, 37.1, 0.3]",Open Play,Saved,Normal,Right Foot,,,,,,,,,,22912,,,,
56488ac2-014c-46f8-a2f6-3e20f2e74d48,2,00:47:24.519,92,24,Shot,Tottenham Hotspur,Tottenham Hotspur,"[104.5, 24.8]",Heung-Min Son,Left Midfield,,,,,,,,,,,,0.05625648,"[117.7, 38.0, 0.2]",Open Play,Saved,Normal,Left Foot,,,,,,,,,,22912,,,,
39be210f-9f22-4c0e-bdc1-aedba8e16911,2,00:47:53.823,92,53,Shot,Tottenham Hotspur,Tottenham Hotspur,"[104.1, 24.7]",Harry Kane,Left Center Forward,,,,,,,,,,,,0.05069226,"[118.8, 37.7, 0.9]",Open Play,Saved,Normal,Left Foot,,,,,,,,,,22912,,,,
4b31ef19-0fd1-456e-bb13-cd7f32cc8736,1,00:02:30.259,2,30,Shot,Borussia Dortmund,Borussia Dortmund,"[106.0, 40.0]",Robert Lewandowski,Center Forward,,,,,,,,,,,,0.056618184,"[107.0, 40.0]",Open Play,Blocked,Half Volley,Right Foot,,,,,,,,,,18240,,,,
a83a0d0b-1291-414c-88e3-0b67d2914ba6,1,00:09:50.271,9,50,Shot,Borussia Dortmund,Borussia Dortmund,"[104.0, 52.0]",Jakub Błaszczykowski,Right Wing,,,,,,,,,,,,0.044798315,"[120.0, 30.3, 0.8]",Open Play,Off T,Normal,Right Foot,,,,,,,,,,18240,,,,
76aef6c2-a546-4ab9-86eb-afa71d36c2e0,1,00:13:02.577,13,2,Shot,Borussia Dortmund,Borussia Dortmund,"[88.0, 33.0]",Robert Lewandowski,Center Forward,,,,,,,,,,,,0.0207092,"[118.0, 41.3, 2.4]",Open Play,Saved,Normal,Right Foot,,,,,,,,,,18240,,,,
07cbde86-3135-4e29-8979-2567f935c7b1,1,00:14:00.037,14,0,Shot,Borussia Dortmund,Borussia Dortmund,"[112.0, 49.0]",Jakub Błaszczykowski,Right Wing,,,,,,,,,,,,0.08620959,"[120.0, 43.8, 0.4]",Open Play,Saved,Half Volley,Right Foot,,,,,,,,True,,18240,,,,
191b28d3-4d52-4188-b7e0-1836bf5e2e0d,1,00:18:34.827,18,34,Shot,Borussia Dortmund,Borussia Dortmund,"[100.0, 25.0]",Marco Reus,Center Attacking Midfield,,,,,,,,,,,,0.043400362,"[118.0, 39.5, 1.3]",Open Play,Saved,Normal,Left Foot,,,,,,,,,,18240,,,,
2b202229-20d8-43c6-8851-4e1d3abdb134,1,00:21:23.407,21,23,Shot,Borussia Dortmund,Borussia Dortmund,"[106.0, 28.0]",Sven Bender,Right Defensive Midfield,,,,,,,,,,,,0.0717146,"[118.0, 43.0, 0.5]",Open Play,Saved,Normal,Right Foot,,,,,,,,,,18240,,,,
0f180445-ae47-4978-bc52-fe43f2e08dfd,1,00:25:42.228,25,42,Shot,Bayern Munich,Bayern Munich,"[114.0, 43.0]",Mario Mandžukić,Center Forward,,,,,,,,,,,,0.18568288,"[119.0, 42.2, 2.4]",Open Play,Saved,Normal,Head,,,,,,,,,,18240,,,,
6793c0f9-13e4-495a-b405-429fe4b97768,1,00:26:25.915,26,25,Shot,Bayern Munich,Bayern Munich,"[113.0, 41.0]",Javier Martínez Aginaga,Right Defensive Midfield,,,,,,,,,,,,0.14334956,"[120.0, 39.1, 3.3]",Open Play,Off T,Normal,Head,,,,,,,,,,18240,,,,
c534d17d-5610-4ea4-a828-de6ad4f3cb27,1,00:29:45.658,29,45,Shot,Bayern Munich,Bayern Munich,"[109.0, 52.0]",Arjen Robben,Right Wing,,,,,,,,,,,,0.21232319,"[112.0, 41.5, 1.5]",Open Play,Saved,Normal,Left Foot,,,,,,,,,,18240,True,,,
89f9c067-f28a-4d5e-9174-702cb9f6251f,1,00:30:09.927,30,9,Shot,Bayern Munich,Bayern Munich,"[101.0, 44.0]",Bastian Schweinsteiger,Left Defensive Midfield,,,,,,,,,,,,0.0565875,"[102.0, 44.0]",Open Play,Blocked,Normal,Left Foot,,,,,,,,True,,18240,,,,
186d659c-7f4c-4b6f-a9d1-65bb03067847,1,00:30:12.017,30,12,Shot,Bayern Munich,Bayern Munich,"[97.0, 37.0]",Franck Bilal Ribéry,Left Wing,,,,,,,,,,,,0.038802557,"[99.0, 37.0]",Open Play,Blocked,Normal,Left Foot,,,,,,,,True,,18240,,,,
a3b50196-ad01-4b21-8f9b-a021cda593a7,1,00:34:44.651,34,44,Shot,Borussia Dortmund,Borussia Dortmund,"[115.0, 52.0]",Robert Lewandowski,Center Forward,,,,,,,,,,,,0.11280683,"[116.0, 39.1, 0.3]",Open Play,Saved,Normal,Right Foot,,,,,,,,,,18240,True,,,
59f1d6ca-aec3-44de-8001-32e224b0bc0d,1,00:36:31.563,36,31,Shot,Bayern Munich,Bayern Munich,"[115.0, 40.0]",Thomas Müller,Center Attacking Midfield,,,,,,,,,,,,0.14494705,"[120.0, 30.5, 0.9]",Open Play,Off T,Normal,Head,,,,,,,,,,18240,,,,
fffdec88-1900-4f3b-9027-b4c97140309c,1,00:42:16.935,42,16,Shot,Bayern Munich,Bayern Munich,"[108.0, 42.0]",Arjen Robben,Right Wing,,,,,,,,,,,,0.40676996,"[111.0, 38.7, 2.3]",Open Play,Saved,Half Volley,Left Foot,,,,,,,,,,18240,,,,
7f7dfb81-0fab-44d8-addc-77230576eed5,2,00:13:21.758,58,21,Shot,Bayern Munich,Bayern Munich,"[114.0, 44.0]",Javier Martínez Aginaga,Right Defensive Midfield,,,,,,,,,,,,0.13742875,"[116.0, 38.0]",Open Play,Wayward,Normal,Head,,,,,,,,,,18240,,,,
53a7815a-55f9-4810-aaa5-6c47f7f09128,2,00:13:22.216,58,22,Shot,Bayern Munich,Bayern Munich,"[115.0, 37.0]",Mario Mandžukić,Center Forward,,,,,,,,,,,,0.4836622,"[120.0, 42.4, 2.0]",Open Play,Saved,Normal,Head,,,,,,,,,,18240,,True,,
a8c889ab-58ab-44d4-a330-5b569583dd7a,2,00:14:04.852,59,4,Shot,Bayern Munich,Bayern Munich,"[117.0, 43.0]",Mario Mandžukić,Center Forward,,,,,,,,,,,,0.60025716,"[120.0, 40.5, 1.7]",Open Play,Goal,Half Volley,Left Foot,,,,,,,,True,,18240,,,True,
18045edf-bd7f-4e38-a8e8-ae25c839065d,2,00:16:38.275,61,38,Shot,Bayern Munich,Bayern Munich,"[111.0, 54.0]",Mario Mandžukić,Center Forward,,,,,,,,,,,,0.06450153,"[120.0, 42.2, 0.9]",Open Play,Saved,Half Volley,Right Foot,,,,,,,,,,18240,,,,
47425ece-908a-4e21-bd12-a6a96752fab6,2,00:17:14.371,62,14,Shot,Borussia Dortmund,Borussia Dortmund,"[88.0, 34.0]",Kevin Großkreutz,Left Wing,,,,,,,,,,,,0.033446345,"[94.0, 35.0]",Open Play,Blocked,Normal,Right Foot,,,,,,,,,,18240,,,,
b30a5897-a075-4d50-be6f-5ba702b171dc,2,00:20:28.954,65,28,Shot,Borussia Dortmund,Borussia Dortmund,"[101.0, 46.0]",Łukasz Piszczek,Right Back,,,,,,,,,,,,0.102628164,"[112.0, 59.0]",Open Play,Wayward,Half Volley,Right Foot,,,,,,,,True,,18240,,,,
1cea8bfe-7d7c-4e55-a72f-f1e991f1c188,2,00:22:34.451,67,34,Shot,Borussia Dortmund,Borussia Dortmund,"[108.0, 40.0]",İlkay Gündoğan,Left Defensive Midfield,,,,,,,,,,,,0.7835,"[120.0, 43.0, 0.2]",Penalty,Goal,Normal,Right Foot,,,,,,,,,,18240,,,,
4ec3aa69-13c9-43ca-957b-5372f2dd6f76,2,00:24:18.261,69,18,Shot,Borussia Dortmund,Borussia Dortmund,"[98.0, 46.0]",Mats Hummels,Left Center Back,,,,,,,,,,,,0.04367414,"[119.0, 45.8, 5.1]",Open Play,Off T,Normal,Right Foot,,,,,,,,,,18240,,,,
aba8a755-80f4-42c9-bb0e-0e970f832f62,2,00:26:26.850,71,26,Shot,Bayern Munich,Bayern Munich,"[113.0, 58.0]",Thomas Müller,Center Attacking Midfield,,,,,,,,,,,,0.030600615,"[120.0, 40.0]",Open Play,Blocked,Normal,Right Foot,,,,,,,,,,18240,,,,
bf01420c-5497-4db6-92bc-545c9f906bf2,2,00:29:40.508,74,40,Shot,Borussia Dortmund,Borussia Dortmund,"[101.0, 48.0]",Jakub Błaszczykowski,Right Wing,,,,,,,,,,,,0.05097173,"[103.0, 47.0]",Open Play,Blocked,Normal,Right Foot,,,,,,,,,,18240,,,,
3ad9833c-44ab-4885-8091-a97fb9f7074a,2,00:30:23.331,75,23,Shot,Bayern Munich,Bayern Munich,"[97.0, 27.0]",David Olatukunbo Alaba,Left Back,,,,,,,,,,,,0.029493675,"[119.0, 43.0, 1.9]",Open Play,Saved,Normal,Left Foot,,,,,,,,True,,18240,,,,
75f27532-b995-4f6f-a3fa-48823b6861c2,2,00:31:53.362,76,53,Shot,Bayern Munich,Bayern Munich,"[117.0, 55.0]",Mario Mandžukić,Center Forward,,,,,,,,,,,,0.013565563,"[120.0, 45.2, 1.9]",Open Play,Off T,Normal,Right Foot,,,,,,,,True,,18240,,,,
0ea6bc24-e73f-4797-9af1-6ae3ec7a1fe2,2,00:37:27.570,82,27,Shot,Bayern Munich,Bayern Munich,"[102.0, 47.0]",Bastian Schweinsteiger,Left Defensive Midfield,,,,,,,,,,,,0.046204455,"[120.0, 36.4, 6.4]",Open Play,Off T,Half Volley,Left Foot,,,,,,,,,,18240,,,,
520c7bb9-99d0-46ce-9f2c-8b63a17388d7,2,00:41:56.613,86,56,Shot,Bayern Munich,Bayern Munich,"[100.0, 41.0]",Bastian Schweinsteiger,Left Defensive Midfield,,,,,,,,,,,,0.071432434,"[118.0, 40.3, 0.3]",Open Play,Saved,Normal,Left Foot,,,,,,,,True,,18240,,,,
0e4aa482-5c72-4020-805e-f9a96402df4f,2,00:43:23.498,88,23,Shot,Bayern Munich,Bayern Munich,"[112.0, 41.0]",Arjen Robben,Right Wing,,,,,,,,,,,,0.41058818,"[120.0, 42.6, 0.2]",Open Play,Goal,Normal,Left Foot,,,,,,,,,,18240,True,,,
4bdcc9f9-ef90-4857-a9bf-4845cb3b8f84,2,00:45:59.012,90,59,Shot,Borussia Dortmund,Borussia Dortmund,"[108.0, 27.0]",Julian Schieber,Right Wing,,,,,,,,,,,,0.06644401,"[118.0, 37.8, 0.2]",Open Play,Saved,Half Volley,Left Foot,,,,,,,,,,18240,,,,
4855e5fb-2f78-4f0e-b87a-bc51af23021b,1,00:02:22.356,2,22,Shot,AS Monaco,AS Monaco,"[102.8, 56.8]",Edouard Cissé,Right Center Midfield,,,,,,,,,,,,0.03650979,"[120.0, 32.8, 5.6]",Open Play,Off T,Normal,Left Foot,,,,,,,,,,3752619,,,,
015f91d8-4a0f-4544-8588-9deb8e92ed0b,1,00:06:45.556,6,45,Shot,FC Porto,FC Porto,"[101.9, 53.2]",Anderson Luís de Souza,Center Attacking Midfield,,,,,,,,,,,,0.024593187,"[112.9, 43.6]",Open Play,Blocked,Half Volley,Right Foot,,,,,,,,True,,3752619,,,,
dba87c72-d73a-484b-955b-c147e553c335,1,00:38:44.169,38,44,Shot,FC Porto,FC Porto,"[107.7, 41.2]",Carlos Alberto Gomes de Jesus,Left Center Forward,,,,,,,,,,,,0.06706375,"[120.0, 43.3, 1.7]",Open Play,Goal,Half Volley,Right Foot,,,,,,,,True,,3752619,,,,
845576f6-7333-4f4f-9510-e87ce2db90d1,2,00:14:13.650,59,13,Shot,AS Monaco,AS Monaco,"[106.5, 42.3]",Dado Prso,Right Wing,,,,,,,,,,,,0.028215595,"[120.0, 50.4, 0.7]",Open Play,Off T,Normal,Head,,,,,,,,,,3752619,,,,
4c5e50db-e527-4951-bcff-4907e445d454,2,00:16:35.184,61,35,Shot,AS Monaco,AS Monaco,"[113.8, 40.3]",Julien Rodriguez,Right Center Back,,,,,,,,,,,,0.18971464,"[112.5, 52.4]",Open Play,Wayward,Normal,Head,,,,,,,,,,3752619,,,,
14be20f9-2a56-4138-8a64-7f1a9f6d5f9e,2,00:25:20.105,70,20,Shot,FC Porto,FC Porto,"[105.8, 36.8]",Anderson Luís de Souza,Center Attacking Midfield,,,,,,,,,,,,0.17332596,"[120.0, 36.4, 0.3]",Open Play,Goal,Normal,Right Foot,,,,,,,,,,3752619,,,,
c93a083d-9140-4875-ac0b-b2a029e82f61,2,00:27:48.739,72,48,Shot,AS Monaco,AS Monaco,"[98.2, 40.1]",Fernando Morientes Sánchez,Center Forward,,,,,,,,,,,,0.05956815,"[120.0, 56.5, 7.5]",Open Play,Off T,Half Volley,Right Foot,,,,,,,,True,,3752619,,,,
2def7400-094f-4aa7-8e46-7a27151fcfaa,2,00:28:57.476,73,57,Shot,AS Monaco,AS Monaco,"[111.5, 36.2]",Sébastien Squillaci,Left Center Back,,,,,,,,,,,,0.05776764,"[116.0, 51.5]",Open Play,Wayward,Normal,Head,,,,,,,,,,3752619,,,,
ef776d09-eb2c-4dea-905c-69c4211a54cb,2,00:29:40.271,74,40,Shot,FC Porto,FC Porto,"[110.2, 29.8]",Dmitriy Alenichev,Left Center Forward,,,,,,,,,,,,0.234937,"[120.0, 37.3, 2.1]",Open Play,Goal,Half Volley,Right Foot,,,,,,,,True,,3752619,,,,
b1b20205-95c6-4537-b229-be0a9cc267bc,2,00:31:34.372,76,34,Shot,AS Monaco,AS Monaco,"[87.8, 41.1]",Sébastien Squillaci,Left Center Back,,,,,,,,,,,,0.018692572,"[120.0, 52.3, 0.6]",Open Play,Off T,Normal,Right Foot,,,,,,,,True,,3752619,,,,
5f5dcf87-cb30-4edc-8640-1d94123695dd,2,00:39:35.872,84,35,Shot,AS Monaco,AS Monaco,"[111.4, 27.7]",Patrice Evra,Left Back,,,,,,,,,,,,0.117621645,"[120.0, 43.4, 5.2]",Open Play,Off T,Normal,Left Foot,,,,,,,,True,,3752619,,,,
deeb0d54-a210-4016-bc26-23eed01d7338,2,00:44:21.868,89,21,Shot,AS Monaco,AS Monaco,"[111.5, 42.5]",Sébastien Squillaci,Right Center Back,,,,,,,,,,,,0.06134508,"[120.0, 36.5, 4.1]",Open Play,Off T,Normal,Head,,,,,,,,,,3752619,,,,
19de3897-d14a-487e-9f71-055f23879e40,2,00:45:53.958,90,53,Shot,AS Monaco,AS Monaco,"[113.9, 45.0]",Sébastien Squillaci,Right Center Back,,,,,,,,,,,,0.113258526,"[120.0, 46.6, 5.5]",Open Play,Off T,Normal,Head,,,,,,,,,,3752619,,,,
129d6ccd-ef7d-44e2-87e1-b55d018f5e24,1,00:04:22.605,4,22,Shot,Atlético Madrid,Atlético Madrid,"[108.0, 52.0]",Jorge Resurrección Merodio,Left Midfield,,,,,,,,,,,,0.069306016,"[120.0, 42.8, 1.5]",Open Play,Saved,Volley,Right Foot,,,,,,,,True,,18243,,,,
855d5fee-a32c-4818-b5c8-9c98bb17bac5,1,00:05:29.881,5,29,Shot,Real Madrid,Real Madrid,"[115.0, 41.0]",Karim Benzema,Center Forward,,,,,,,,,,,,0.41807303,"[119.0, 40.5, 0.5]",Open Play,Saved,Volley,Left Foot,,,,,,,,True,,18243,,,,
f17c2cb5-cc03-4991-987c-fae2518a21c9,1,00:05:31.985,5,31,Shot,Real Madrid,Real Madrid,"[96.0, 32.0]",Marcelo Vieira da Silva Júnior,Left Back,,,,,,,,,,,,0.032652855,"[120.0, 30.3, 6.6]",Open Play,Off T,Half Volley,Left Foot,,,,,,,,True,,18243,,,,
158ca4ad-9fd2-4f86-94f9-c711e4b2993f,1,00:08:55.667,8,55,Shot,Real Madrid,Real Madrid,"[97.0, 25.0]",Toni Kroos,Left Center Midfield,,,,,,,,,,,,0.023983413,"[105.0, 30.0]",Open Play,Blocked,Normal,Left Foot,,,,,,,,,,18243,,,,
2bf5883e-1d85-4412-b1e9-9f03ff8dafa0,1,00:14:27.704,14,27,Shot,Real Madrid,Real Madrid,"[117.0, 40.0]",Sergio Ramos García,Left Center Back,,,,,,,,,,,,0.5623978,"[119.0, 40.1, 0.1]",Open Play,Goal,Volley,Left Foot,,,,,,,,True,,18243,,,,
793a58d0-0e35-4987-9197-bee42d84a10c,1,00:22:26.925,22,26,Shot,Real Madrid,Real Madrid,"[94.0, 24.0]",Cristiano Ronaldo dos Santos Aveiro,Left Wing,,,,,,,,,,,,0.020320546,"[97.0, 26.0]",Open Play,Blocked,Normal,Left Foot,,,,,,,,,,18243,,,,
97411bc2-5346-4086-adfd-973f9c947648,1,00:24:19.155,24,19,Shot,Atlético Madrid,Atlético Madrid,"[101.0, 58.0]",Juan Francisco Torres Belén,Right Back,,,,,,,,,,,,0.018110937,"[120.0, 38.0, 6.6]",Open Play,Off T,Half Volley,Right Foot,,,,,,,,True,,18243,,,,
2dd5f4d5-75b0-43a9-b07b-2e7c33264e50,1,00:33:28.347,33,28,Shot,Atlético Madrid,Atlético Madrid,"[98.0, 32.0]",Antoine Griezmann,Left Center Forward,,,,,,,,,,,,0.04426239,"[120.0, 41.7, 2.3]",Open Play,Saved,Normal,Left Foot,,,,,,,,,,18243,,,,
67243207-864c-4899-8588-7168b3353509,1,00:39:00.830,39,0,Shot,Atlético Madrid,Atlético Madrid,"[87.0, 43.0]",Antoine Griezmann,Left Center Forward,,,,,,,,,,,,0.028468803,"[119.0, 40.1, 0.3]",Open Play,Saved,Normal,Left Foot,,,,,,,,,,18243,,,,
7d2addef-35f1-4422-ba69-ccdf034e8ac3,1,00:42:14.738,42,14,Shot,Atlético Madrid,Atlético Madrid,"[96.0, 34.0]",Antoine Griezmann,Left Center Forward,,,,,,,,,,,,0.049887635,"[120.0, 34.8, 0.1]",Open Play,Off T,Normal,Right Foot,,,,,,,,,,18243,,,,
e64ae9d5-81cf-47ae-be17-f722322c3bdd,2,00:02:08.066,47,8,Shot,Atlético Madrid,Atlético Madrid,"[108.0, 40.0]",Antoine Griezmann,Left Center Forward,,,,,,,,,,,,0.7835,"[120.0, 40.3, 2.7]",Penalty,Post,Normal,Left Foot,,,,,,,,,,18243,,,,
622f5af7-f231-4a79-a6d9-c50230fc7d35,2,00:08:30.375,53,30,Shot,Atlético Madrid,Atlético Madrid,"[115.0, 45.0]",Diego Roberto Godín Leal,Left Center Back,,,,,,,,,,,,0.18377863,"[115.0, 41.0]",Open Play,Wayward,Normal,Head,,,,,,,,,,18243,,,,
80f48391-c0c4-41df-803a-01fed4413e50,2,00:08:31.394,53,31,Shot,Atlético Madrid,Atlético Madrid,"[113.0, 40.0]",Antoine Griezmann,Left Center Forward,,,,,,,,,,,,0.14559157,"[115.0, 37.0]",Open Play,Wayward,Half Volley,Left Foot,,,,,,,,,,18243,,True,,
44d0c095-b3a4-4383-9029-ccf6df635ba8,2,00:08:32.028,53,32,Shot,Atlético Madrid,Atlético Madrid,"[115.0, 37.0]",Stefan Savić,Right Center Back,,,,,,,,,,,,0.31139183,"[120.0, 35.2, 1.3]",Open Play,Off T,Half Volley,Left Foot,,,,,,,,,,18243,,True,,
d3f03900-52fa-4014-a18d-848fddb272d7,2,00:09:10.768,54,10,Shot,Real Madrid,Real Madrid,"[89.0, 41.0]",Gareth Frank Bale,Right Wing,,,,,,,,,,,,0.026141018,"[120.0, 46.9, 0.2]",Open Play,Off T,Normal,Left Foot,,,,,,,,,,18243,,,,
73062342-06c0-452b-b0a9-6a8559e5d27d,2,00:11:20.093,56,20,Shot,Real Madrid,Real Madrid,"[114.0, 48.0]",Gareth Frank Bale,Right Wing,,,,,,,,,,,,0.056916248,"[114.0, 31.0]",Open Play,Wayward,Normal,Head,,,,,,,,,,18243,,,,
725e7759-3d45-485e-a8e3-58084cd687d7,2,00:12:21.013,57,21,Shot,Atlético Madrid,Atlético Madrid,"[104.0, 63.0]",Jorge Resurrección Merodio,Left Midfield,,,,,,,,,,,,0.008927562,"[120.0, 44.8, 3.6]",Open Play,Off T,Half Volley,Right Foot,,,,,,,,,,18243,,,,
722da811-983e-4980-99d5-cf12a4f92d77,2,00:13:46.616,58,46,Shot,Atlético Madrid,Atlético Madrid,"[105.0, 40.0]",Saúl Ñíguez Esclapez,Right Midfield,,,,,,,,,,,,0.07256556,"[119.0, 47.3, 1.1]",Open Play,Off T,Volley,Left Foot,,,,,,,,True,,18243,,,,
1fc7a699-2d83-4b7a-9377-0e57e92db8ac,2,00:16:21.601,61,21,Shot,Atlético Madrid,Atlético Madrid,"[95.0, 45.0]",Jorge Resurrección Merodio,Left Midfield,,,,,,,,,,,,0.034006912,"[104.0, 43.0]",Open Play,Blocked,Normal,Right Foot,,,,,,,,,,18243,,,,
b6a02019-ea89-446d-85db-94c43e4e206b,2,00:16:50.305,61,50,Shot,Real Madrid,Real Madrid,"[100.0, 31.0]",Gareth Frank Bale,Right Wing,,,,,,,,,,,,0.061375666,"[104.0, 33.0]",Open Play,Blocked,Normal,Left Foot,,,,,,,,True,,18243,,,,
d6b82b22-f46f-42a3-841f-2525d4ec6b76,2,00:17:49.281,62,49,Shot,Atlético Madrid,Atlético Madrid,"[92.0, 28.0]",Saúl Ñíguez Esclapez,Right Midfield,,,,,,,,,,,,0.02516255,"[119.0, 48.7, 0.8]",Open Play,Off T,Normal,Left Foot,,,,,,,,,,18243,,,,
c82d9b08-5233-43cb-ae39-094ec9038e9a,2,00:22:01.654,67,1,Shot,Real Madrid,Real Madrid,"[97.0, 62.0]",Gareth Frank Bale,Right Wing,,,,,,,,,,,,0.008989693,"[105.0, 55.0]",Free Kick,Blocked,Normal,Left Foot,,,,,,,,,,18243,,,,
446da448-8a3d-4a1e-a532-f47e5e3734c8,2,00:24:52.386,69,52,Shot,Real Madrid,Real Madrid,"[110.0, 52.0]",Karim Benzema,Center Forward,,,,,,,,,,,,0.22443372,"[114.0, 43.0, 1.4]",Open Play,Saved,Normal,Right Foot,,,,,,,,,,18243,,,,
6d8bd3d9-3b13-4598-ba20-230b39076d44,2,00:28:46.780,73,46,Shot,Atlético Madrid,Atlético Madrid,"[111.0, 36.0]",Fernando José Torres Sanz,Right Center Forward,,,,,,,,,,,,0.09830945,"[120.0, 44.2, 5.3]",Open Play,Off T,Normal,Head,,,,,,,,,,18243,,,,
8ac053c9-5dbd-4712-a9d7-4d1bde98ebf0,2,00:30:54.438,75,54,Shot,Atlético Madrid,Atlético Madrid,"[85.0, 39.0]",Gabriel Fernández Arenas,Right Defensive Midfield,,,,,,,,,,,,0.015440093,"[92.0, 39.0]",Open Play,Blocked,Normal,Right Foot,,,,,,,,,,18243,,,,
79de6d07-8c91-4326-9545-f9984751fa68,2,00:32:16.036,77,16,Shot,Real Madrid,Real Madrid,"[98.0, 51.0]",Cristiano Ronaldo dos Santos Aveiro,Left Wing,,,,,,,,,,,,0.051891547,"[115.0, 41.9, 0.2]",Open Play,Saved,Normal,Right Foot,,,,,,,,,,18243,,,,
bdef2255-fc4c-44f3-a592-ab82658e7181,2,00:32:52.958,77,52,Shot,Real Madrid,Real Madrid,"[111.0, 40.0]",Cristiano Ronaldo dos Santos Aveiro,Center Forward,,,,,,,,,,,,0.34312502,"[112.0, 39.7, 0.2]",Open Play,Saved,Normal,Right Foot,,,,,,,,True,,18243,,,,
56844d38-55b8-41fe-9743-da228290fc51,2,00:32:57.158,77,57,Shot,Real Madrid,Real Madrid,"[114.0, 50.0]",Gareth Frank Bale,Left Wing,,,,,,,,,,,,0.09359068,"[119.0, 40.0]",Open Play,Blocked,Normal,Right Foot,,,,,,,,,,18243,,,,
501c97b6-3eac-4f65-a67a-1c7ec0d0d1bf,2,00:33:44.865,78,44,Shot,Atlético Madrid,Atlético Madrid,"[115.0, 38.0]",Yannick Ferreira Carrasco,Left Midfield,,,,,,,,,,,,0.56457525,"[120.0, 41.9, 2.4]",Open Play,Goal,Half Volley,Right Foot,,,,,,,,True,,18243,,,,
d5c2ea12-053f-40a0-bf5e-941ab5d368eb,2,00:39:54.407,84,54,Shot,Real Madrid,Real Madrid,"[116.0, 22.0]",Gareth Frank Bale,Left Wing,,,,,,,,,,,,0.007515605,"[120.0, 34.0]",Open Play,Blocked,Normal,Right Foot,,,,,,,,,,18243,,,,
11d68bb2-389d-4722-b2db-c1a4dd63e53e,2,00:40:28.394,85,28,Shot,Real Madrid,Real Madrid,"[116.0, 42.0]",Gareth Frank Bale,Left Wing,,,,,,,,,,,,0.19115591,"[117.0, 42.0]",Open Play,Blocked,Normal,Head,,,,,,,,,,18243,,,,
4ffa553b-8cc4-4af1-8090-8899931354c5,3,00:01:28.289,91,28,Shot,Real Madrid,Real Madrid,"[86.0, 39.0]",Carlos Henrique Casimiro,Center Defensive Midfield,,,,,,,,,,,,0.01860388,"[119.0, 39.9, 1.6]",Open Play,Saved,Normal,Right Foot,,,,,,,,,,18243,,,,
f4d91657-04b1-4a32-8977-c9a8acdf7f69,3,00:02:46.572,92,46,Shot,Real Madrid,Real Madrid,"[90.0, 22.0]",Gareth Frank Bale,Left Wing,,,,,,,,,,,,0.0072154016,"[119.0, 43.2, 7.3]",Open Play,Off T,Normal,Left Foot,,,,,,,,,,18243,,,,
3aeeaebf-bbe7-4bc3-b2fb-672bbcd92ff0,3,00:03:52.601,93,52,Shot,Real Madrid,Real Madrid,"[113.0, 35.0]",Cristiano Ronaldo dos Santos Aveiro,Center Forward,,,,,,,,,,,,0.110161476,"[117.0, 40.3, 1.7]",Open Play,Saved,Normal,Head,,,,,,,True,,,18243,,,,
a97cb7f6-041a-45c0-8956-0a33429584af,3,00:10:39.437,100,39,Shot,Real Madrid,Real Madrid,"[102.0, 42.0]",Gareth Frank Bale,Left Wing,,,,,,,,,,,,0.06203611,"[106.0, 42.0]",Open Play,Blocked,Normal,Left Foot,,,,,,,,True,,18243,,,,
069a5ef2-fbf0-40f4-90bb-654194e5c276,3,00:10:43.004,100,43,Shot,Real Madrid,Real Madrid,"[92.0, 45.0]",Luka Modrić,Right Center Midfield,,,,,,,,,,,,0.024222028,"[104.0, 41.0]",Open Play,Blocked,Normal,Right Foot,,,,,,,,,,18243,,,,
a8872963-32e2-4c81-9453-85b42df382fa,3,00:11:15.620,101,15,Shot,Real Madrid,Real Madrid,"[93.0, 56.0]",Danilo Luiz da Silva,Right Back,,,,,,,,,,,,0.012664168,"[120.0, 32.1, 1.7]",Open Play,Off T,Normal,Left Foot,,,,,,,,,,18243,,,,
73a92d08-3803-4e21-b3ca-1ebbc693160f,3,00:14:23.410,104,23,Shot,Atlético Madrid,Atlético Madrid,"[105.0, 25.0]",Yannick Ferreira Carrasco,Left Midfield,,,,,,,,,,,,0.04315578,"[107.0, 27.0]",Open Play,Blocked,Normal,Left Foot,,,,,,,,,,18243,,,,
ab8d3eb1-7ac8-462f-bea9-5bcefe22bc25,3,00:14:53.501,104,53,Shot,Atlético Madrid,Atlético Madrid,"[112.0, 52.0]",Antoine Griezmann,Left Center Forward,,,,,,,,,,,,0.041965958,"[120.0, 43.0, 7.1]",Open Play,Off T,Overhead Kick,Left Foot,,,,,,,,True,,18243,,,,
9712e1e8-8763-4195-b555-f08621b69260,4,00:01:17.757,106,17,Shot,Real Madrid,Real Madrid,"[96.0, 46.0]",Carlos Henrique Casimiro,Center Defensive Midfield,,,,,,,,,,,,0.05956497,"[120.0, 38.0, 6.1]",Open Play,Off T,Normal,Right Foot,,,,,,,,,,18243,,,,
d7a023ef-ace5-4f10-87f0-3dd192e24940,4,00:11:00.235,116,0,Shot,Real Madrid,Real Madrid,"[88.0, 33.0]",Cristiano Ronaldo dos Santos Aveiro,Center Forward,,,,,,,,,,,,0.029977908,"[98.0, 36.0]",Free Kick,Blocked,Normal,Right Foot,,,,,,,,,,18243,,,,
0ed811d4-7d33-4edf-8574-9aa92614cb41,4,00:13:43.662,118,43,Shot,Real Madrid,Real Madrid,"[103.0, 47.0]",Cristiano Ronaldo dos Santos Aveiro,Center Forward,,,,,,,,,,,,0.04665298,"[105.0, 46.0]",Open Play,Blocked,Normal,Left Foot,,,,,,,,,,18243,,,,
3628805f-8ba4-4fc2-b9c8-97e9f22051cb,4,00:13:55.430,118,55,Shot,Real Madrid,Real Madrid,"[109.0, 45.0]",Lucas Vázquez Iglesias,Right Wing,,,,,,,,,,,,0.0811711,"[110.0, 45.0]",Open Play,Blocked,Normal,Right Foot,,,,,,,,,,18243,,,,
11d04bdc-9f8b-401b-b41e-37cb918d8bfa,4,00:16:19.819,121,19,Shot,Real Madrid,Real Madrid,"[111.0, 60.0]",Danilo Luiz da Silva,Right Back,,,,,,,,,,,,0.008481465,"[112.0, 57.0]",Open Play,Blocked,Normal,Right Foot,,,,,,,,,,18243,,,,
85011ca9-6869-4a82-8101-8db06eb88d21,5,00:00:00.777,120,0,Shot,Real Madrid,Real Madrid,"[109.0, 41.0]",Lucas Vázquez Iglesias,Right Wing,,,,,,,,,,,,0.7835,"[120.0, 42.8, 0.3]",Penalty,Goal,Normal,Right Foot,,,,,,,,,,18243,,,,
25bfc13b-728a-4c3a-9b3d-3f171aed8226,5,00:00:43.053,120,43,Shot,Atlético Madrid,Atlético Madrid,"[109.0, 41.0]",Antoine Griezmann,Left Center Forward,,,,,,,,,,,,0.7835,"[120.0, 38.0, 0.3]",Penalty,Goal,Normal,Left Foot,,,,,,,,,,18243,,,,
8dc4d35e-2a71-45f5-a86f-ec807f8d2669,5,00:01:21.168,121,21,Shot,Real Madrid,Real Madrid,"[109.0, 41.0]",Marcelo Vieira da Silva Júnior,Left Back,,,,,,,,,,,,0.7835,"[120.0, 43.6, 1.3]",Penalty,Goal,Normal,Left Foot,,,,,,,,,,18243,,,,
5fa09018-29c2-4da8-bd5b-b51280504044,5,00:01:57.298,121,57,Shot,Atlético Madrid,Atlético Madrid,"[109.0, 41.0]",Gabriel Fernández Arenas,Right Defensive Midfield,,,,,,,,,,,,0.7835,"[120.0, 36.8, 2.2]",Penalty,Goal,Normal,Right Foot,,,,,,,,,,18243,,,,
78ebee34-5ae5-42b0-a011-998692ce96c2,5,00:02:36.584,122,36,Shot,Real Madrid,Real Madrid,"[109.0, 41.0]",Gareth Frank Bale,Left Wing,,,,,,,,,,,,0.7835,"[120.0, 43.6, 0.2]",Penalty,Goal,Normal,Left Foot,,,,,,,,,,18243,,,,
4b61142e-441c-446d-a3ed-56ecb120d8fb,5,00:03:23.078,123,23,Shot,Atlético Madrid,Atlético Madrid,"[109.0, 41.0]",Saúl Ñíguez Esclapez,Right Midfield,,,,,,,,,,,,0.7835,"[120.0, 36.8, 0.1]",Penalty,Goal,Normal,Left Foot,,,,,,,,,,18243,,,,
cc50dfff-4bb1-460f-ba87-a180c26cb953,5,00:04:01.194,124,1,Shot,Real Madrid,Real Madrid,"[109.0, 41.0]",Sergio Ramos García,Left Center Back,,,,,,,,,,,,0.7835,"[120.0, 43.4, 0.4]",Penalty,Goal,Normal,Right Foot,,,,,,,,,,18243,,,,
138e3962-bbde-4540-ab10-2d7d2d5c1ad4,5,00:04:32.142,124,32,Shot,Atlético Madrid,Atlético Madrid,"[109.0, 41.0]",Juan Francisco Torres Belén,Right Back,,,,,,,,,,,,0.7835,"[120.0, 36.0, 0.1]",Penalty,Post,Normal,Right Foot,,,,,,,,,,18243,,,,
776b3657-1b16-42ad-a1ad-48018917dd93,5,00:05:12.509,125,12,Shot,Real Madrid,Real Madrid,"[109.0, 41.0]",Cristiano Ronaldo dos Santos Aveiro,Center Forward,,,,,,,,,,,,0.7835,"[120.0, 42.6, 1.8]",Penalty,Goal,Normal,Right Foot,,,,,,,,,,18243,,,,
e037c6c5-3cfe-48f1-9a43-ce8385d0b7aa,1,00:00:50.006,0,50,Shot,Juventus,Juventus,"[100.0, 40.0]",Carlos Alberto Tevez,Right Center Forward,,,,,,,,,,,,0.046273656,"[120.0, 36.0, 7.0]",Open Play,Off T,Half Volley,Right Foot,,,,,,,,True,,18242,,,,
b028efbb-c5d9-4f82-9b3f-6afb32ebda0b,1,00:01:36.085,1,36,Shot,Juventus,Juventus,"[108.0, 43.0]",Patrice Evra,Left Back,,,,,,,,,,,,0.06086964,"[110.0, 35.0]",Open Play,Wayward,Normal,Head,,,,,,,,,,18242,,,,
6ff7a431-2cf4-4f5a-8348-256c6dc44dad,1,00:03:24.616,3,24,Shot,Barcelona,Barcelona,"[112.0, 38.0]",Ivan Rakitić,Right Center Midfield,,,,,,,,,,,,0.3783839,"[120.0, 41.7, 1.3]",Open Play,Goal,Normal,Left Foot,,,,,,,,True,,18242,,,,
393f16bd-fe24-4832-80da-004d9b9d058e,1,00:07:40.430,7,40,Shot,Juventus,Juventus,"[101.0, 52.0]",Arturo Erasmo Vidal Pardo,Secondary Striker,,,,,,,,,,,,0.05160495,"[120.0, 36.8, 5.6]",Open Play,Off T,Normal,Right Foot,,,,,,,,True,,18242,,,,
15d1aa41-9064-4c15-ab88-157fc9140369,1,00:08:29.338,8,29,Shot,Barcelona,Barcelona,"[102.0, 47.0]",Neymar da Silva Santos Junior,Left Wing,,,,,,,,,,,,0.055676848,"[120.0, 43.0, 5.3]",Open Play,Off T,Normal,Right Foot,,,,,,,,,,18242,,,,
b9e652ca-be91-40c1-80fb-9e02ae64f8dd,1,00:12:51.152,12,51,Shot,Barcelona,Barcelona,"[106.0, 46.0]",Daniel Alves da Silva,Right Back,,,,,,,,,,,,0.10685889,"[120.0, 42.4, 1.6]",Open Play,Saved,Normal,Right Foot,,,,,,,,True,,18242,,,,
969f2ed8-b6cd-4214-bf3d-fddcf301f5b2,1,00:15:23.600,15,23,Shot,Barcelona,Barcelona,"[109.0, 30.0]",Jordi Alba Ramos,Left Back,,,,,,,,,,,,0.06602102,"[120.0, 41.3, 6.4]",Open Play,Off T,Half Volley,Left Foot,,,,,,,,True,,18242,,,,
5694fb32-bc7d-4cf3-a4da-7e02ba721764,1,00:23:29.104,23,29,Shot,Juventus,Juventus,"[104.0, 48.0]",Álvaro Borja Morata Martín,Left Center Forward,,,,,,,,,,,,0.12633477,"[119.0, 32.9, 0.5]",Open Play,Off T,Normal,Left Foot,,,,,,,,True,,18242,,,,
5fc64041-7054-4c1a-8302-291444f68662,1,00:26:42.880,26,42,Shot,Barcelona,Barcelona,"[105.0, 25.0]",Neymar da Silva Santos Junior,Left Wing,,,,,,,,,,,,0.057562362,"[119.0, 38.5, 0.2]",Open Play,Saved,Normal,Right Foot,,,,,,,,,,18242,,,,
230b02e5-9f93-4bd6-9110-6a633e3b013b,1,00:38:56.412,38,56,Shot,Barcelona,Barcelona,"[104.0, 55.0]",Luis Alberto Suárez Díaz,Center Forward,,,,,,,,,,,,0.052028827,"[120.0, 34.6, 0.2]",Open Play,Off T,Normal,Right Foot,,,,,,,,,,18242,,,,
96c49ca0-fe8a-4960-84fe-5166436bda01,1,00:39:30.190,39,30,Shot,Barcelona,Barcelona,"[105.0, 25.0]",Luis Alberto Suárez Díaz,Center Forward,,,,,,,,,,,,0.057236888,"[118.0, 38.5, 2.2]",Open Play,Saved,Normal,Right Foot,,,,,,,,True,,18242,,,,
2fb0327d-3258-411b-9809-c3a0fc437a80,1,00:43:57.686,43,57,Shot,Juventus,Juventus,"[95.0, 24.0]",Arturo Erasmo Vidal Pardo,Secondary Striker,,,,,,,,,,,,0.02202018,"[102.0, 32.0]",Open Play,Blocked,Normal,Right Foot,,,,,,,,,,18242,,,,
d911dfe5-3c2f-46d2-a29d-30e1777c0946,1,00:43:59.676,43,59,Shot,Juventus,Juventus,"[92.0, 38.0]",Claudio Marchisio,Right Center Midfield,,,,,,,,,,,,0.023348866,"[117.0, 40.1, 1.8]",Open Play,Saved,Half Volley,Right Foot,,,,,,,,,,18242,,,,
968cbe39-7bff-43cd-89b8-852c89e7a084,2,00:03:00.384,48,0,Shot,Barcelona,Barcelona,"[108.0, 27.0]",Luis Alberto Suárez Díaz,Center Forward,,,,,,,,,,,,0.09212255,"[118.0, 37.6, 0.9]",Open Play,Saved,Normal,Right Foot,,,,,,,,True,,18242,,,,
466ddafe-c119-4f94-950e-c7fa0d155a13,2,00:03:54.064,48,54,Shot,Barcelona,Barcelona,"[112.0, 56.0]",Luis Alberto Suárez Díaz,Center Forward,,,,,,,,,,,,0.013941046,"[119.0, 45.0, 3.5]",Open Play,Off T,Half Volley,Right Foot,,,,,,,,True,,18242,,,,
3be90160-9abe-4039-9a90-77b25496dfe8,2,00:05:34.624,50,34,Shot,Barcelona,Barcelona,"[104.0, 29.0]",Lionel Andrés Messi Cuccittini,Right Wing,,,,,,,,,,,,0.04603501,"[119.0, 37.4, 4.7]",Open Play,Off T,Normal,Left Foot,,,,,,,,,,18242,,,,
a345546f-3a5b-474d-b1ad-84a450e9b034,2,00:09:15.961,54,15,Shot,Juventus,Juventus,"[108.0, 44.0]",Carlos Alberto Tevez,Right Center Forward,,,,,,,,,,,,0.097749144,"[119.0, 41.1, 0.7]",Open Play,Saved,Normal,Left Foot,,,,,,,,True,,18242,,,,
d8de9c17-e485-4624-938f-a340318ba58d,2,00:09:17.750,54,17,Shot,Juventus,Juventus,"[115.0, 36.0]",Álvaro Borja Morata Martín,Left Center Forward,,,,,,,,,,,,0.6005701,"[120.0, 37.6, 0.2]",Open Play,Goal,Normal,Right Foot,,,,,,,,True,,18242,,,,
7a60ac0c-9f72-437f-aede-36f6db6ba9a2,2,00:12:44.145,57,44,Shot,Juventus,Juventus,"[110.0, 43.0]",Álvaro Borja Morata Martín,Left Center Forward,,,,,,,,,,,,0.066200376,"[120.0, 46.0, 6.0]",Open Play,Off T,Normal,Head,,,,,,,,,,18242,,,,
07630473-e001-407c-b626-013beac8331c,2,00:17:04.852,62,4,Shot,Juventus,Juventus,"[102.0, 38.0]",Carlos Alberto Tevez,Right Center Forward,,,,,,,,,,,,0.0604446,"[120.0, 34.0, 5.2]",Open Play,Off T,Normal,Right Foot,,,,,,,,True,,18242,,,,
eb8005c8-c9ac-4bca-9849-de431f3693c0,2,00:19:04.923,64,4,Shot,Juventus,Juventus,"[96.0, 34.0]",Paul Pogba,Left Center Midfield,,,,,,,,,,,,0.041178025,"[119.0, 38.5, 0.4]",Open Play,Saved,Normal,Right Foot,,,,,,,,,,18242,,,,
7047fb08-8a84-4196-af84-196ccee7c64d,2,00:22:51.476,67,51,Shot,Barcelona,Barcelona,"[102.0, 30.0]",Lionel Andrés Messi Cuccittini,Right Wing,,,,,,,,,,,,0.080091104,"[117.0, 41.1, 0.4]",Open Play,Saved,Normal,Left Foot,,,,,,,,,,18242,,,,
344acb91-8f9e-499d-ae65-39d7305e39ad,2,00:22:53.334,67,53,Shot,Barcelona,Barcelona,"[114.0, 43.0]",Luis Alberto Suárez Díaz,Center Forward,,,,,,,,,,,,0.53866917,"[120.0, 42.2, 2.4]",Open Play,Goal,Half Volley,Right Foot,,,,,,,,True,,18242,,,,
d4260fc6-5a6e-4ee5-a847-33515148e3da,2,00:31:30.190,76,30,Shot,Barcelona,Barcelona,"[96.0, 21.0]",Lionel Andrés Messi Cuccittini,Right Wing,,,,,,,,,,,,0.012663346,"[120.0, 36.4, 4.9]",Free Kick,Off T,Normal,Left Foot,,,,,,,,,,18242,,,,
6fe934d6-0306-4158-9518-54c63135f4d3,2,00:33:13.981,78,13,Shot,Juventus,Juventus,"[116.0, 47.0]",Paul Pogba,Left Center Midfield,,,,,,,,,,,,0.081363015,"[120.0, 39.9, 4.0]",Open Play,Off T,Normal,Head,,,,,,,,,,18242,,,,
7652b938-e1ce-47ad-835c-c24d4abc2381,2,00:36:00.352,81,0,Shot,Barcelona,Barcelona,"[112.0, 36.0]",Luis Alberto Suárez Díaz,Center Forward,,,,,,,,,,,,0.18992585,"[118.0, 60.0]",Open Play,Wayward,Volley,Right Foot,,,,,,,,True,,18242,,,,
80e60ccc-bf8d-4c78-af73-07d1a7d2827c,2,00:36:17.707,81,17,Shot,Barcelona,Barcelona,"[112.0, 49.0]",Gerard Piqué Bernabéu,Right Center Back,,,,,,,,,,,,0.19920498,"[119.0, 41.3, 4.5]",Open Play,Off T,Half Volley,Right Foot,,,,,,,,True,,18242,,,,
ba1c4125-87d8-4b31-aacb-d15fdce97e8d,2,00:38:58.761,83,58,Shot,Barcelona,Barcelona,"[107.0, 33.0]",Luis Alberto Suárez Díaz,Center Forward,,,,,,,,,,,,0.06387972,"[120.0, 49.9, 0.8]",Open Play,Off T,Half Volley,Left Foot,,,,,,,,,,18242,,,,
11a6fad4-790a-4f4f-bf43-339b0db44ea6,2,00:43:51.391,88,51,Shot,Juventus,Juventus,"[88.0, 39.0]",Claudio Marchisio,Right Center Midfield,,,,,,,,,,,,0.02337703,"[119.0, 42.6, 0.7]",Open Play,Saved,Normal,Left Foot,,,,,,,,,,18242,,,,
904c9967-5977-4f5f-badb-828f016559f1,2,00:44:20.955,89,20,Shot,Juventus,Juventus,"[94.0, 48.0]",Claudio Marchisio,Right Center Midfield,,,,,,,,,,,,0.019783499,"[108.0, 47.0]",Open Play,Wayward,Volley,Right Foot,,,,,,,,True,,18242,,,,
0c543d92-2c8d-4cbb-98c2-5536d22fffcb,2,00:46:54.604,91,54,Shot,Juventus,Juventus,"[100.0, 31.0]",Carlos Alberto Tevez,Right Center Forward,,,,,,,,,,,,0.06307037,"[120.0, 39.5, 1.6]",Open Play,Saved,Normal,Right Foot,,,,,,,,,,18242,,,,
b09ba265-78b8-4bc6-af24-eb3c4047c8e3,2,00:51:40.484,96,40,Shot,Barcelona,Barcelona,"[109.0, 31.0]",Neymar da Silva Santos Junior,Left Wing,,,,,,,,,,,,0.26035696,"[120.0, 42.0, 0.4]",Open Play,Goal,Normal,Left Foot,,,,,,,,,,18242,,,,
682270cc-4bc4-4952-8f91-d3c5a704a691,1,00:02:33.865,2,33,Shot,Liverpool,Liverpool,"[98.1, 52.1]",Georginio Wijnaldum,Right Center Midfield,,,,,,,,,,,,0.03639871,"[102.0, 50.5]",Open Play,Blocked,Normal,Right Foot,,,,,,,,,,18245,,,,
9f5aa3eb-3bed-4bc0-97a5-bb8444b235b9,1,00:05:14.065,5,14,Shot,Liverpool,Liverpool,"[96.6, 51.5]",Mohamed Salah,Right Wing,,,,,,,,,,,,0.027975515,"[99.2, 50.4]",Open Play,Blocked,Normal,Left Foot,,,,,,,,True,,18245,,,,
399ac143-5f7b-4080-8c0b-3c18435d7fc1,1,00:07:56.816,7,56,Shot,Liverpool,Liverpool,"[112.1, 30.6]",Roberto Firmino Barbosa de Oliveira,Center Forward,,,,,,,,,,,,0.07536108,"[120.0, 25.5, 6.0]",Open Play,Off T,Normal,Head,,,,,,,,,,18245,,,,
660d9d98-46b6-4b5e-9c9a-435d63142c93,1,00:10:02.932,10,2,Shot,Real Madrid,Real Madrid,"[94.5, 26.9]",Marcelo Vieira da Silva Júnior,Left Back,,,,,,,,,,,,0.023375953,"[120.0, 49.8, 0.2]",Open Play,Off T,Normal,Left Foot,,,,,,,,,,18245,,,,
fe6c7f60-2ff0-4077-882e-b045c8abc7c3,1,00:13:02.999,13,2,Shot,Liverpool,Liverpool,"[101.2, 30.6]",James Philip Milner,Left Center Midfield,,,,,,,,,,,,0.0437719,"[103.3, 31.4]",Open Play,Blocked,Normal,Left Foot,,,,,,,,True,,18245,,,,
eda7e108-2479-46f2-9cd0-a0bc2939e352,1,00:13:06.982,13,6,Shot,Liverpool,Liverpool,"[104.5, 41.1]",Mohamed Salah,Right Wing,,,,,,,,,,,,0.06565269,"[106.1, 40.9]",Open Play,Blocked,Normal,Left Foot,,,,,,,,,,18245,,,,
c36dfe04-2f8e-48f0-8df6-1c4d0b93a16e,1,00:13:08.631,13,8,Shot,Liverpool,Liverpool,"[103.7, 35.9]",Sadio Mané,Left Wing,,,,,,,,,,,,0.057769474,"[106.2, 36.4]",Open Play,Blocked,Normal,Right Foot,,,,,,,,,,18245,,,,
3e93f456-9971-4a33-9b10-ee9961410a32,1,00:14:55.544,14,55,Shot,Real Madrid,Real Madrid,"[111.7, 58.7]",Cristiano Ronaldo dos Santos Aveiro,Left Center Forward,,,,,,,,,,,,0.012568896,"[120.0, 40.7, 3.8]",Open Play,Off T,Normal,Right Foot,,,,,,,,,,18245,,,,
9def9ed2-52f0-496b-8ae8-f4c5a97c2d8a,1,00:17:53.189,17,53,Shot,Liverpool,Liverpool,"[116.5, 37.1]",Virgil van Dijk,Left Center Back,,,,,,,,,,,,0.24867696,"[120.0, 35.9, 5.5]",Open Play,Off T,Normal,Head,,,,,,,,,,18245,,,,
20b934f1-9afa-401d-9a16-f97fea2b80d9,1,00:22:35.709,22,35,Shot,Liverpool,Liverpool,"[105.7, 41.4]",Roberto Firmino Barbosa de Oliveira,Center Forward,,,,,,,,,,,,0.083349325,"[111.0, 41.0]",Open Play,Blocked,Normal,Right Foot,,,,,,,,,,18245,,,,
6711367a-6855-4914-903e-a5e19771429c,1,00:22:38.035,22,38,Shot,Liverpool,Liverpool,"[106.4, 55.3]",Trent Alexander-Arnold,Right Back,,,,,,,,,,,,0.03727715,"[116.3, 45.0, 0.2]",Open Play,Saved,Normal,Right Foot,,,,,,,,,,18245,,,,
e8c20962-0eef-4066-97ce-dcaad4f70b52,1,00:31:03.863,31,3,Shot,Real Madrid,Real Madrid,"[107.1, 53.2]",Luka Modrić,Right Center Midfield,,,,,,,,,,,,0.03428409,"[108.2, 52.1]",Open Play,Blocked,Normal,Right Foot,,,,,,,,,,18245,,,,
02f0755f-76cf-4d30-8062-369dc9509bdd,1,00:32:00.432,32,0,Shot,Real Madrid,Real Madrid,"[108.8, 32.4]",Karim Benzema,Right Center Forward,,,,,,,,,,,,0.0959495,"[110.5, 33.5]",Open Play,Blocked,Normal,Right Foot,,,,,,,,,,18245,,,,
6cb4171b-90e6-4473-831e-df7a2da29f28,1,00:42:20.400,42,20,Shot,Real Madrid,Real Madrid,"[112.7, 39.9]",Cristiano Ronaldo dos Santos Aveiro,Left Center Forward,,,,,,,,,,,,0.1714123,"[117.6, 40.1, 1.1]",Open Play,Saved,Normal,Head,,,,,,,,,,18245,True,,,
93c40040-ab9a-4549-8f0e-46c5c1c8e9cd,1,00:44:34.776,44,34,Shot,Real Madrid,Real Madrid,"[110.3, 54.4]",José Ignacio Fernández Iglesias,Right Back,,,,,,,,,,,,0.048763823,"[120.0, 45.1, 0.4]",Open Play,Off T,Volley,Right Foot,,,,,,,,True,,18245,,,,
6f994944-70fc-4a30-acca-315e3fede0bb,1,00:47:22.409,47,22,Shot,Real Madrid,Real Madrid,"[93.6, 27.5]",Karim Benzema,Right Center Forward,,,,,,,,,,,,0.021335443,"[120.0, 35.2, 0.9]",Open Play,Off T,Normal,Right Foot,,,,,,,,,,18245,,,,
142e18c8-316a-4f9f-a0f8-3c41549ad1c3,2,00:02:21.236,47,21,Shot,Real Madrid,Real Madrid,"[105.9, 35.6]",Francisco Román Alarcón Suárez,Center Attacking Midfield,,,,,,,,,,,,0.12395585,"[120.0, 40.6, 2.8]",Open Play,Post,Half Volley,Right Foot,,,,,,,,True,,18245,,,,
7654fe57-734f-45d8-bc83-ab940cd37c45,2,00:05:11.158,50,11,Shot,Real Madrid,Real Madrid,"[103.7, 46.4]",Karim Benzema,Right Center Forward,,,,,,,,,,,,0.62239987,"[120.0, 36.6, 0.2]",Open Play,Goal,Volley,Right Foot,,,,,,,,True,,18245,,,,
30a872eb-fe88-4c46-858b-a4f487cb69e4,2,00:09:29.030,54,29,Shot,Liverpool,Liverpool,"[110.0, 37.6]",Dejan Lovren,Right Center Back,,,,,,,,,,,,0.04927483,"[116.5, 41.8]",Open Play,Blocked,Normal,Head,,,,,,,,,,18245,,,,
53b73ee0-8c9c-4b64-83c5-69fc453376a1,2,00:09:29.850,54,29,Shot,Liverpool,Liverpool,"[117.0, 41.1]",Sadio Mané,Right Wing,,,,,,,,,,,,0.58832175,"[120.0, 39.5, 0.9]",Open Play,Goal,Volley,Right Foot,,,,,,,,,,18245,True,True,,
804f8c8e-d714-4e6a-9cd1-599665efb8c8,2,00:14:59.984,59,59,Shot,Real Madrid,Real Madrid,"[111.3, 44.6]",Francisco Román Alarcón Suárez,Center Attacking Midfield,,,,,,,,,,,,0.105558105,"[118.5, 43.7, 0.9]",Open Play,Saved,Normal,Right Foot,,,,,,,,,,18245,,,,
36687201-f131-4418-9dd0-f632bc9c4257,2,00:18:01.375,63,1,Shot,Real Madrid,Real Madrid,"[104.7, 38.1]",Gareth Frank Bale,Right Wing,,,,,,,,,,,,0.04580498,"[120.0, 36.4, 2.2]",Open Play,Goal,Overhead Kick,Left Foot,,,,,,,,True,,18245,,,,
650a2dc2-e5bb-4fac-9259-afbc03bdc322,2,00:24:40.407,69,40,Shot,Liverpool,Liverpool,"[98.8, 47.5]",Sadio Mané,Right Wing,,,,,,,,,,,,0.04298672,"[120.0, 36.3, 0.0]",Open Play,Post,Normal,Left Foot,,,,,,,,,,18245,,,,
312f9c86-6a3c-42b1-bdeb-f92cb1b16a48,2,00:27:46.308,72,46,Shot,Liverpool,Liverpool,"[110.0, 59.4]",Roberto Firmino Barbosa de Oliveira,Center Forward,,,,,,,,,,,,0.009025229,"[118.2, 44.3, 0.4]",Open Play,Saved,Half Volley,Right Foot,,,,,,,,True,,18245,,,,
222c90b6-8293-409a-ac6d-e2c3c2e69948,2,00:28:10.477,73,10,Shot,Real Madrid,Real Madrid,"[107.2, 38.6]",Cristiano Ronaldo dos Santos Aveiro,Left Wing,,,,,,,,,,,,0.28314868,"[108.2, 38.8]",Open Play,Blocked,Normal,Left Foot,,,,,,,,,,18245,,,,
c7f3935c-23fa-4ddc-a6ee-eb9d0972d034,2,00:36:01.645,81,1,Shot,Real Madrid,Real Madrid,"[106.8, 30.2]",Karim Benzema,Center Forward,,,,,,,,,,,,0.08103228,"[118.2, 39.0, 1.7]",Open Play,Saved,Volley,Right Foot,,,,,,,,True,,18245,,,,
05688a6e-37f8-4aa6-a36e-d8151aa75997,2,00:37:43.539,82,43,Shot,Real Madrid,Real Madrid,"[90.2, 58.6]",Gareth Frank Bale,Right Wing,,,,,,,,,,,,0.0075294827,"[120.0, 41.1, 2.0]",Open Play,Goal,Normal,Left Foot,,,,,,,,,,18245,,,,
18f64bd1-c8a9-4f31-9e58-3ec7a1de0a80,2,00:45:15.678,90,15,Shot,Liverpool,Liverpool,"[104.3, 35.2]",Adam David Lallana,Left Wing,,,,,,,,,,,,0.061225574,"[105.9, 35.6]",Open Play,Blocked,Half Volley,Left Foot,,,,,,,,,,18245,,,,
ab2792f1-6fab-4126-8836-f45840b70f81,1,00:09:11.425,9,11,Shot,Bayern Munich,Bayern Munich,"[114.0, 48.0]",Ivica Olić,Left Center Forward,,,,,,,,,,,,0.18124305,"[120.0, 46.9, 1.3]",Open Play,Off T,Normal,Right Foot,,,,,,,,True,,18235,,,,
519f4448-527b-4824-bc4b-b8e0b91255d4,1,00:10:56.783,10,56,Shot,Inter Milan,Inter Milan,"[92.0, 63.0]",Maicon Douglas Sisenando,Right Back,,,,,,,,,,,,0.0063452623,"[120.0, 30.3, 0.2]",Open Play,Off T,Normal,Right Foot,,,,,,,,,,18235,,,,
f0c52445-bb42-49d4-8597-a138828dc944,1,00:12:51.028,12,51,Shot,Bayern Munich,Bayern Munich,"[96.0, 33.0]",Hamit Altıntop,Left Wing,,,,,,,,,,,,0.046331525,"[105.0, 34.0]",Open Play,Blocked,Normal,Right Foot,,,,,,,,,,18235,,,,
966edbca-dc57-40ea-9bbf-af3f1d97f321,1,00:15:34.765,15,34,Shot,Bayern Munich,Bayern Munich,"[110.0, 40.0]",Daniel Van Buyten,Right Center Back,,,,,,,,,,,,0.070251696,"[111.0, 40.0]",Open Play,Blocked,Normal,Head,,,,,,,,,,18235,,,,
f9eaee7e-de55-45d2-8bde-06b9cb94d6d0,1,00:17:43.170,17,43,Shot,Inter Milan,Inter Milan,"[81.0, 30.0]",Wesley Sneijder,Center Attacking Midfield,,,,,,,,,,,,0.008091472,"[120.0, 43.2, 1.0]",Free Kick,Saved,Normal,Right Foot,,,,,,,True,,,18235,,,,
1a4e6346-f2d2-4c77-8bee-089731d17a8c,1,00:18:00.463,18,0,Shot,Inter Milan,Inter Milan,"[107.0, 40.0]",Esteban Matías Cambiasso Delau,Left Defensive Midfield,,,,,,,,,,,,0.06827557,"[109.0, 40.0]",Open Play,Blocked,Volley,Right Foot,,,,,,,,True,,18235,,,,
50e30164-0502-43a7-ac09-063262e3af00,1,00:22:22.415,22,22,Shot,Bayern Munich,Bayern Munich,"[104.0, 41.0]",Arjen Robben,Right Wing,,,,,,,,,,,,0.069696575,"[120.0, 48.7, 6.1]",Open Play,Off T,Half Volley,Left Foot,,,,,,,,True,,18235,,,,
374e326b-0846-41c7-9567-ff5db275f77c,1,00:25:40.723,25,40,Shot,Inter Milan,Inter Milan,"[80.0, 33.0]",Wesley Sneijder,Center Attacking Midfield,,,,,,,,,,,,0.005588494,"[119.0, 40.3, 0.8]",Free Kick,Saved,Normal,Right Foot,,,,,,,,,,18235,,,,
67b2f1bd-3bba-433c-8080-526d3c289871,1,00:31:50.776,31,50,Shot,Bayern Munich,Bayern Munich,"[91.0, 40.0]",Thomas Müller,Right Center Forward,,,,,,,,,,,,0.029827887,"[119.0, 46.1, 6.1]",Open Play,Off T,Normal,Right Foot,,,,,,,,,,18235,,,,
1cd7cf67-b9d6-49ac-b784-db976284bc9f,1,00:32:24.766,32,24,Shot,Inter Milan,Inter Milan,"[111.0, 51.0]",Wesley Sneijder,Center Attacking Midfield,,,,,,,,,,,,0.0897631,"[115.0, 34.0]",Open Play,Wayward,Volley,Right Foot,,,,,,,,True,,18235,,,,
13810a7a-3159-4157-980d-a9874abe61fe,1,00:33:59.846,33,59,Shot,Inter Milan,Inter Milan,"[107.0, 46.0]",Diego Alberto Milito,Center Forward,,,,,,,,,,,,0.3830916,"[120.0, 40.7, 2.0]",Open Play,Goal,Normal,Right Foot,,,,,,,,,,18235,,,,
574fe7d4-f034-440f-93a8-8af399366c05,1,00:40:00.138,40,0,Shot,Bayern Munich,Bayern Munich,"[91.0, 42.0]",Hamit Altıntop,Left Wing,,,,,,,,,,,,0.03753288,"[116.0, 38.5, 0.2]",Open Play,Saved,Normal,Right Foot,,,,,,,,,,18235,,,,
0298fa13-0700-4d34-ba61-5277ed55c7c4,1,00:40:46.231,40,46,Shot,Bayern Munich,Bayern Munich,"[91.0, 50.0]",Arjen Robben,Right Wing,,,,,,,,,,,,0.01996498,"[120.0, 34.4, 5.4]",Open Play,Off T,Normal,Left Foot,,,,,,,,,,18235,,,,
f602d17b-045c-46b4-b8e4-aa8a3865f503,1,00:42:24.284,42,24,Shot,Inter Milan,Inter Milan,"[106.0, 35.0]",Wesley Sneijder,Center Attacking Midfield,,,,,,,,,,,,0.17239982,"[117.0, 38.7, 1.2]",Open Play,Saved,Normal,Left Foot,,,,,,,,True,,18235,,,,
196b154f-2e53-47ec-8ddc-b738e4d5fee2,1,00:44:15.116,44,15,Shot,Bayern Munich,Bayern Munich,"[95.0, 21.0]",Ivica Olić,Left Center Forward,,,,,,,,,,,,0.00867654,"[120.0, 32.5, 4.7]",Open Play,Off T,Normal,Left Foot,,,,,,,,,,18235,,,,
e99e2a90-f939-45cc-80f9-7be5d0bcf86b,1,00:45:14.594,45,14,Shot,Bayern Munich,Bayern Munich,"[89.0, 49.0]",Mark van Bommel,Right Defensive Midfield,,,,,,,,,,,,0.01700997,"[92.0, 48.0]",Open Play,Blocked,Normal,Right Foot,,,,,,,,,,18235,,,,
0b7471e0-f1c6-4eeb-bd0a-858d82624e54,1,00:45:56.608,45,56,Shot,Bayern Munich,Bayern Munich,"[94.0, 48.0]",Mark van Bommel,Right Defensive Midfield,,,,,,,,,,,,0.036953866,"[120.0, 33.9, 0.2]",Open Play,Off T,Normal,Right Foot,,,,,,,,,,18235,,,,
be4fb0d9-130d-4412-bcdd-88313049cbc2,2,00:00:17.352,45,17,Shot,Bayern Munich,Bayern Munich,"[107.0, 45.0]",Thomas Müller,Right Center Forward,,,,,,,,,,,,0.18862773,"[116.0, 39.7, 0.4]",Open Play,Saved,Normal,Right Foot,,,,,,,,True,,18235,,,,
40bb4712-0865-4590-a59f-69e9707958d1,2,00:00:21.787,45,21,Shot,Bayern Munich,Bayern Munich,"[113.0, 62.0]",Arjen Robben,Right Wing,,,,,,,,,,,,0.005745546,"[114.0, 59.0]",Open Play,Blocked,Normal,Left Foot,,,,,,,,,,18235,,,,
98f04be6-52e9-4a31-a014-1db56e6ea007,2,00:01:45.844,46,45,Shot,Inter Milan,Inter Milan,"[105.0, 32.0]",Goran Pandev,Left Wing,,,,,,,,,,,,0.08949893,"[117.0, 38.3, 2.0]",Open Play,Saved,Normal,Left Foot,,,,,,,,True,,18235,,,,
0fa9a30d-2f7a-4a80-ba52-fdd240159c60,2,00:06:49.284,51,49,Shot,Bayern Munich,Bayern Munich,"[97.0, 41.0]",Arjen Robben,Right Wing,,,,,,,,,,,,0.05739926,"[101.0, 41.0]",Open Play,Blocked,Normal,Left Foot,,,,,,,,,,18235,,,,
a33742c1-0cc1-4e31-bee8-3db481ab6a73,2,00:08:04.176,53,4,Shot,Inter Milan,Inter Milan,"[92.0, 46.0]",Wesley Sneijder,Center Attacking Midfield,,,,,,,,,,,,0.053999748,"[120.0, 42.8, 4.0]",Free Kick,Off T,Normal,Right Foot,,,,,,,,,,18235,,,,
00852696-33bd-4784-83c2-d1e60a0eb7b9,2,00:08:52.096,53,52,Shot,Bayern Munich,Bayern Munich,"[106.0, 27.0]",Hamit Altıntop,Left Wing,,,,,,,,,,,,0.052042354,"[120.0, 35.2, 0.3]",Open Play,Off T,Normal,Right Foot,,,,,,,,,,18235,,,,
f64416c9-23df-438e-8e77-898c44179b69,2,00:10:42.465,55,42,Shot,Inter Milan,Inter Milan,"[108.0, 37.0]",Lucimar da Silva Ferreira,Right Center Back,,,,,,,,,,,,0.056061357,"[109.0, 37.0]",Open Play,Blocked,Normal,Head,,,,,,,,,,18235,,,,
119e251d-62d2-44e7-bea5-04b814408253,2,00:13:21.136,58,21,Shot,Bayern Munich,Bayern Munich,"[84.0, 65.0]",Mark van Bommel,Right Defensive Midfield,,,,,,,,,,,,0.005545284,"[87.0, 63.0]",Open Play,Blocked,Normal,Right Foot,,,,,,,,,,18235,,,,
4ac817c0-c27b-4217-9d1f-c64bf8f46194,2,00:17:35.875,62,35,Shot,Bayern Munich,Bayern Munich,"[108.0, 67.0]",Arjen Robben,Right Wing,,,,,,,,,,,,0.0069266786,"[115.0, 48.0]",Free Kick,Blocked,Normal,Left Foot,,,,,,,,,,18235,,,,
015f7fe7-76fe-4ed4-b5b0-5ab9cac27478,2,00:17:37.947,62,37,Shot,Bayern Munich,Bayern Munich,"[106.0, 42.0]",Thomas Müller,Right Center Forward,,,,,,,,,,,,0.06875604,"[116.0, 41.0]",Open Play,Blocked,Volley,Right Foot,,,,,,,,True,,18235,,,,
85e181c2-677e-495f-974d-b8bae2257d36,2,00:19:05.093,64,5,Shot,Inter Milan,Inter Milan,"[82.0, 41.0]",Wesley Sneijder,Center Attacking Midfield,,,,,,,,,,,,0.007148503,"[119.0, 43.6, 0.6]",Free Kick,Saved,Normal,Right Foot,,,,,,,,,,18235,,,,
9cf3f422-d174-4d8a-b62f-3946e87109b7,2,00:19:47.841,64,47,Shot,Bayern Munich,Bayern Munich,"[105.0, 61.0]",Arjen Robben,Right Wing,,,,,,,,,,,,0.008772062,"[119.0, 38.1, 2.2]",Open Play,Saved,Normal,Left Foot,,,,,,,,,,18235,,,,
80f874c2-9cfe-4486-8eaa-0ed8d3fd7fb7,2,00:24:21.297,69,21,Shot,Bayern Munich,Bayern Munich,"[110.0, 47.0]",Ivica Olić,Left Center Forward,,,,,,,,,,,,0.11061519,"[112.0, 46.0]",Open Play,Blocked,Half Volley,Left Foot,,,,,,,,True,,18235,,,,
e36e2002-90fc-4b23-be49-1ff9b042258b,2,00:24:38.743,69,38,Shot,Inter Milan,Inter Milan,"[107.0, 31.0]",Diego Alberto Milito,Center Forward,,,,,,,,,,,,0.20716602,"[120.0, 43.6, 0.9]",Open Play,Goal,Normal,Right Foot,,,,,,,,,,18235,,,,
b28502fa-8022-4c20-bb85-075a15a117b4,2,00:35:06.868,80,6,Shot,Bayern Munich,Bayern Munich,"[95.0, 59.0]",Arjen Robben,Right Wing,,,,,,,,,,,,0.007910266,"[104.0, 53.0]",Open Play,Blocked,Normal,Left Foot,,,,,,,,,,18235,,,,
7a3c5712-7ab9-4d43-ae78-ecab817e548a,2,00:37:14.346,82,14,Shot,Bayern Munich,Bayern Munich,"[92.0, 33.0]",Arjen Robben,Right Wing,,,,,,,,,,,,0.05178217,"[103.0, 37.0]",Free Kick,Blocked,Normal,Left Foot,,,,,,,,,,18235,,,,
86463202-d93d-4d49-be04-f542e9920713,2,00:45:33.771,90,33,Shot,Bayern Munich,Bayern Munich,"[90.0, 49.0]",Mark van Bommel,Right Defensive Midfield,,,,,,,,,,,,0.017485753,"[93.0, 48.0]",Open Play,Blocked,Normal,Right Foot,,,,,,,,,,18235,,,,
e8bac22f-e886-4dc6-a15c-87132c905858,1,00:02:47.553,2,47,Shot,Manchester United,Manchester United,"[99.0, 31.0]",Javier Hernández Balcázar,Left Center Forward,,,,,,,,,,,,0.05095734,"[104.0, 34.0]",Open Play,Blocked,Normal,Right Foot,,,,,,,,,,18236,,,,
7761d73b-4886-4252-bc2f-7ef244aecdd2,1,00:10:05.546,10,5,Shot,Barcelona,Barcelona,"[99.0, 39.0]",David Villa Sánchez,Right Wing,,,,,,,,,,,,0.051226057,"[101.0, 39.0]",Open Play,Blocked,Normal,Left Foot,,,,,,,,,,18236,,,,
c2d6b795-10a3-4698-8fe4-9f08ece0b4c2,1,00:10:19.689,10,19,Shot,Barcelona,Barcelona,"[110.0, 26.0]",David Villa Sánchez,Right Wing,,,,,,,,,,,,0.030320471,"[111.0, 27.0]",Open Play,Blocked,Normal,Left Foot,,,,,,,,True,,18236,,,,
3d9b107f-ef40-4b7a-9eae-1eba10f6143c,1,00:15:06.226,15,6,Shot,Barcelona,Barcelona,"[112.0, 44.0]",Pedro Eliezer Rodríguez Ledesma,Left Wing,,,,,,,,,,,,0.26719016,"[120.0, 46.9, 0.5]",Open Play,Off T,Half Volley,Left Foot,,,,,,,,True,,18236,,,,
cc8e9903-4e10-4153-a816-3d1be9794005,1,00:19:19.363,19,19,Shot,Barcelona,Barcelona,"[97.0, 45.0]",David Villa Sánchez,Right Wing,,,,,,,,,,,,0.042916227,"[120.0, 45.8, 1.0]",Open Play,Off T,Normal,Right Foot,,,,,,,,,,18236,,,,
074af283-951f-4a5c-b628-99a0a5e7eabc,1,00:20:41.293,20,41,Shot,Barcelona,Barcelona,"[105.0, 55.0]",David Villa Sánchez,Right Wing,,,,,,,,,,,,0.05555657,"[119.0, 39.7, 0.4]",Open Play,Saved,Normal,Right Foot,,,,,,,,,,18236,,,,
cf91a97b-34fa-4b06-b6c0-4a35e0001f72,1,00:26:51.994,26,51,Shot,Barcelona,Barcelona,"[105.0, 47.0]",Pedro Eliezer Rodríguez Ledesma,Left Wing,,,,,,,,,,,,0.12857077,"[120.0, 43.0, 0.2]",Open Play,Goal,Normal,Right Foot,,,,,,,,,,18236,,,,
bbaaaa60-d451-4b60-9eb2-bc42b63089ec,1,00:29:00.275,29,0,Shot,Barcelona,Barcelona,"[91.0, 33.0]",Andrés Iniesta Luján,Left Center Midfield,,,,,,,,,,,,0.02357238,"[94.0, 34.0]",Open Play,Blocked,Normal,Right Foot,,,,,,,,,,18236,,,,
72667f5e-630a-4456-81af-e1bee207bb29,1,00:33:05.888,33,5,Shot,Manchester United,Manchester United,"[105.0, 43.0]",Wayne Mark Rooney,Right Center Forward,,,,,,,,,,,,0.15370104,"[120.0, 37.6, 1.9]",Open Play,Goal,Normal,Right Foot,,,,,,,,True,,18236,,,,
e9e826ba-be94-4d0d-a6de-f45030ee7c19,1,00:36:12.018,36,12,Shot,Barcelona,Barcelona,"[98.0, 52.0]",Xavier Hernández Creus,Right Center Midfield,,,,,,,,,,,,0.028585957,"[120.0, 42.6, 4.4]",Open Play,Off T,Normal,Right Foot,,,,,,,,,,18236,,,,
d307c003-2806-44ba-a551-815fcf945aa8,1,00:38:19.765,38,19,Shot,Barcelona,Barcelona,"[88.0, 43.0]",Andrés Iniesta Luján,Left Center Midfield,,,,,,,,,,,,0.024055533,"[117.0, 39.7, 2.1]",Open Play,Saved,Normal,Right Foot,,,,,,,,,,18236,,,,
7baf4792-f0a2-427a-8be6-f1aab538d297,1,00:42:54.042,42,54,Shot,Barcelona,Barcelona,"[115.0, 41.0]",Lionel Andrés Messi Cuccittini,Center Forward,,,,,,,,,,,,0.3706616,"[120.0, 30.3, 0.2]",Open Play,Off T,Half Volley,Left Foot,,,,,,,,True,,18236,,,,
80ee431f-f905-4ce5-8c8f-01854abc3f15,2,00:01:22.346,46,22,Shot,Barcelona,Barcelona,"[93.0, 41.0]",Andrés Iniesta Luján,Left Center Midfield,,,,,,,,,,,,0.026587047,"[107.0, 41.0]",Open Play,Blocked,Normal,Right Foot,,,,,,,,True,,18236,,,,
12bb35a1-6ddd-4ee5-88e2-4dc127c2767a,2,00:01:46.815,46,46,Shot,Barcelona,Barcelona,"[99.0, 44.0]",Xavier Hernández Creus,Right Center Midfield,,,,,,,,,,,,0.05035425,"[105.0, 44.0]",Open Play,Blocked,Normal,Right Foot,,,,,,,,,,18236,,,,
185303a8-89fe-4706-b7f6-2f50cd475738,2,00:06:45.164,51,45,Shot,Barcelona,Barcelona,"[113.0, 54.0]",Daniel Alves da Silva,Right Back,,,,,,,,,,,,0.07287654,"[117.0, 37.8, 0.3]",Open Play,Saved,Normal,Right Foot,,,,,,,,,,18236,,,,
8fe2193d-0162-49ca-9cbe-e85c4c07dd4b,2,00:06:47.795,51,47,Shot,Barcelona,Barcelona,"[104.0, 46.0]",Lionel Andrés Messi Cuccittini,Center Forward,,,,,,,,,,,,0.0568718,"[115.0, 42.0]",Open Play,Blocked,Half Volley,Left Foot,,,,,,,,,,18236,,,,
2cb44ea0-08a7-462d-aa08-ba89c1f6ef17,2,00:08:09.195,53,9,Shot,Barcelona,Barcelona,"[94.0, 43.0]",Lionel Andrés Messi Cuccittini,Center Forward,,,,,,,,,,,,0.04044454,"[120.0, 42.4, 0.6]",Open Play,Goal,Normal,Left Foot,,,,,,,,,,18236,,,,
b7a7c148-be74-4992-9718-3f6bc8dd2b90,2,00:17:39.796,62,39,Shot,Barcelona,Barcelona,"[108.0, 30.0]",Lionel Andrés Messi Cuccittini,Center Forward,,,,,,,,,,,,0.15484966,"[119.0, 37.8, 0.2]",Open Play,Saved,Normal,Left Foot,,,,,,,,,,18236,,,,
57d56fdb-7b2e-4cdc-8d0c-cb39a09049c8,2,00:19:12.626,64,12,Shot,Barcelona,Barcelona,"[115.0, 44.0]",Lionel Andrés Messi Cuccittini,Center Forward,,,,,,,,,,,,0.34534055,"[118.0, 40.0]",Open Play,Blocked,Backheel,Right Foot,,,,,,,,True,,18236,,,,
42ff17b0-4eb3-4cfe-8223-210e6ab795b8,2,00:20:23.290,65,23,Shot,Barcelona,Barcelona,"[94.0, 47.0]",Xavier Hernández Creus,Right Center Midfield,,,,,,,,,,,,0.034108758,"[119.0, 37.2, 1.6]",Open Play,Saved,Normal,Right Foot,,,,,,,,,,18236,,,,
e0ff73b8-ff8e-4c15-a1ff-823ae7a1d4a8,2,00:21:26.682,66,26,Shot,Barcelona,Barcelona,"[92.0, 39.0]",Andrés Iniesta Luján,Left Center Midfield,,,,,,,,,,,,0.024149418,"[119.0, 40.3, 1.6]",Open Play,Saved,Normal,Right Foot,,,,,,,,True,,18236,,,,
f0043ac8-b885-4853-89a3-4592f25e6244,2,00:23:51.663,68,51,Shot,Barcelona,Barcelona,"[100.0, 45.0]",David Villa Sánchez,Right Wing,,,,,,,,,,,,0.08189525,"[120.0, 43.4, 2.0]",Open Play,Goal,Normal,Right Foot,,,,,,,,,,18236,,,,
30962e8d-529d-422a-9d57-1b78e3bea4f7,2,00:25:29.218,70,29,Shot,Manchester United,Manchester United,"[99.0, 32.0]",Wayne Mark Rooney,Secondary Striker,,,,,,,,,,,,0.052839383,"[120.0, 37.2, 3.5]",Open Play,Off T,Normal,Right Foot,,,,,,,,,,18236,,,,
82936640-98b7-4865-bdc6-60e76b900cec,2,00:39:30.413,84,30,Shot,Manchester United,Manchester United,"[99.0, 48.0]",Luís Carlos Almeida da Cunha,Right Midfield,,,,,,,,,,,,0.045260325,"[120.0, 45.0, 0.3]",Open Play,Off T,Normal,Left Foot,,,,,,,,,,18236,,,,
5cea71b8-b869-4a9c-b568-d0025e0bc1f0,2,00:45:24.790,90,24,Shot,Barcelona,Barcelona,"[86.0, 56.0]",Andrés Iniesta Luján,Left Center Midfield,,,,,,,,,,,,0.01128677,"[117.0, 38.0, 1.4]",Open Play,Saved,Lob,Right Foot,,,,,,,,True,,18236,,,,
3171a54b-2927-4a42-a117-1fba03f1b549,2,00:47:14.359,92,14,Shot,Barcelona,Barcelona,"[107.0, 59.0]",Ibrahim Afellay,Right Wing,,,,,,,,,,,,0.010115318,"[119.0, 40.9, 0.3]",Open Play,Saved,Normal,Right Foot,,,,,,,,,,18236,,,,
08eb8fb6-02d1-4124-92e7-2fed285e9b81,1,00:00:51.155,0,51,Shot,AC Milan,AC Milan,"[107.6, 42.1]",Paolo Maldini,Left Back,,,,,,,,,,,,0.06472687,"[120.0, 37.6, 2.2]",Open Play,Goal,Volley,Right Foot,,,,,,,,True,,2302764,,,,
0afba362-b890-445f-a2e8-a880fdf6caf1,1,00:03:48.106,3,48,Shot,Liverpool,Liverpool,"[98.4, 33.3]",John Arne Semundseth Riise,Left Midfield,,,,,,,,,,,,0.0314916,"[107.1, 38.5]",Open Play,Blocked,Volley,Left Foot,,,,,,,,True,,2302764,,,,
f1f292c0-5590-4108-b3bf-36d4f4aaf756,1,00:03:57.139,3,57,Shot,Liverpool,Liverpool,"[106.9, 44.4]",Sami Hyypiä,Left Center Back,,,,,,,,,,,,0.03462095,"[119.2, 41.9, 0.6]",Open Play,Saved,Normal,Head,,,,,,,,,,2302764,,,,
ef380ac5-5548-4102-85dc-03f6e68a72e2,1,00:09:34.205,9,34,Shot,AC Milan,AC Milan,"[86.5, 53.5]",Ivan Gennaro Gattuso,Right Center Midfield,,,,,,,,,,,,0.006152208,"[100.2, 47.0]",Open Play,Blocked,Normal,Right Foot,,,,,,,,,,2302764,,,,
64cc7e5d-31f8-4ec0-9df6-ebe9b1d2880b,1,00:13:36.820,13,36,Shot,AC Milan,AC Milan,"[114.9, 50.2]",Hernán Jorge Crespo,Left Center Forward,,,,,,,,,,,,0.04594358,"[119.8, 42.8]",Open Play,Blocked,Normal,Head,,,,,,,,,,2302764,,,,
6a9bc88d-a268-45c2-bb2d-ee79febebcb8,1,00:13:39.210,13,39,Shot,AC Milan,AC Milan,"[113.1, 40.5]",Jaap Stam,Right Center Back,,,,,,,,,,,,0.094540775,"[115.6, 39.6]",Open Play,Blocked,Normal,Head,,,,,,,,,,2302764,,,,
3e9e78a0-0e9b-4b46-b37a-77b25bd40d87,1,00:17:10.017,17,10,Shot,AC Milan,AC Milan,"[104.5, 48.5]",Ricardo Izecson dos Santos Leite,Center Attacking Midfield,,,,,,,,,,,,0.03281061,"[120.0, 32.5, 1.7]",Open Play,Off T,Normal,Head,,,,,,,,,,2302764,,,,
2658c2f8-3487-42bc-be90-352cb311cdd4,1,00:29:13.459,29,13,Shot,Liverpool,Liverpool,"[98.0, 38.3]",Milan Baroš,Center Forward,,,,,,,,,,,,0.046267614,"[120.0, 42.2, 5.9]",Open Play,Off T,Volley,Left Foot,,,,,,,,True,,2302764,,,,
3afcb6c8-6d24-4657-9e5d-136662396bec,1,00:32:36.202,32,36,Shot,Liverpool,Liverpool,"[97.2, 29.1]",Luis Javier García Sanz,Center Attacking Midfield,,,,,,,,,,,,0.037581705,"[120.0, 42.3, 6.5]",Open Play,Off T,Half Volley,Left Foot,,,,,,,,True,,2302764,,,,
c6808176-723b-41b0-a7ff-70c951acae9d,1,00:35:37.699,35,37,Shot,Liverpool,Liverpool,"[101.7, 36.1]",Luis Javier García Sanz,Center Attacking Midfield,,,,,,,,,,,,0.07908834,"[120.0, 55.3, 0.5]",Open Play,Off T,Volley,Right Foot,,,,,,,,True,,2302764,,,,
ec78705a-7839-407d-b759-8a061dc2023b,1,00:38:12.674,38,12,Shot,AC Milan,AC Milan,"[114.2, 36.4]",Hernán Jorge Crespo,Left Center Forward,,,,,,,,,,,,0.61097133,"[120.0, 38.1, 0.5]",Open Play,Goal,Normal,Right Foot,,,,,,,,True,,2302764,,,,
78a594c9-cf9b-4029-8c05-31c1294bb49e,1,00:42:57.347,42,57,Shot,AC Milan,AC Milan,"[101.0, 36.2]",Hernán Jorge Crespo,Left Center Forward,,,,,,,,,,,,0.44821304,"[120.0, 42.1, 0.9]",Open Play,Goal,Lob,Right Foot,,,,,,,,True,,2302764,,,,
052671e1-7962-4c6e-9378-88e168be1271,2,00:00:17.774,45,17,Shot,AC Milan,AC Milan,"[94.5, 40.8]",Ricardo Izecson dos Santos Leite,Center Attacking Midfield,,,,,,,,,,,,0.027549382,"[99.5, 40.8]",Open Play,Blocked,Volley,Right Foot,,,,,,,,True,,2302764,,,,
c401dbb3-5731-4cce-9c22-66d91143987b,2,00:03:02.571,48,2,Shot,AC Milan,AC Milan,"[106.9, 61.2]",Marcos Evangelista de Moraes,Right Back,,,,,,,,,,,,0.007226059,"[112.8, 52.7]",Open Play,Blocked,Normal,Right Foot,,,,,,,,True,,2302764,,,,
71277f71-46ba-43bb-ad15-e0e63b6855ee,2,00:03:30.584,48,30,Shot,AC Milan,AC Milan,"[100.3, 27.9]",Paolo Maldini,Left Back,,,,,,,,,,,,0.02697761,"[110.4, 39.7]",Open Play,Blocked,Half Volley,Left Foot,,,,,,,,True,,2302764,,,,
31e7a3a3-c0c2-46ad-9f71-598e4b420b55,2,00:04:31.572,49,31,Shot,Liverpool,Liverpool,"[82.3, 51.9]",Xabier Alonso Olano,Left Defensive Midfield,,,,,,,,,,,,0.0059242635,"[120.0, 35.1, 0.4]",Open Play,Off T,Normal,Right Foot,,,,,,,,,,2302764,,,,
cf491a38-da90-44ad-841b-a009a3d70d48,2,00:06:56.628,51,56,Shot,AC Milan,AC Milan,"[95.1, 31.9]",Andriy Shevchenko,Right Center Forward,,,,,,,,,,,,0.029725134,"[116.9, 40.6, 1.0]",Open Play,Saved,Normal,Right Foot,,,,,,,,True,,2302764,,,,
ee135123-b822-4de1-acbe-f75eaf3be9ae,2,00:08:04.252,53,4,Shot,Liverpool,Liverpool,"[109.8, 34.0]",Steven Gerrard,Right Center Midfield,,,,,,,,,,,,0.07084901,"[120.0, 42.9, 1.5]",Open Play,Goal,Normal,Head,,,,,,,,,,2302764,,,,
1e00f030-41ba-4e02-8f4e-5f0c96bd0ccb,2,00:10:02.892,55,2,Shot,Liverpool,Liverpool,"[95.7, 50.6]",Vladimir Smicer,Right Midfield,,,,,,,,,,,,0.029839605,"[120.0, 37.3, 0.2]",Open Play,Goal,Normal,Right Foot,,,,,,,,,,2302764,,,,
a91e9f5b-98a7-455b-8d59-29c2477497d5,2,00:11:50.903,56,50,Shot,Liverpool,Liverpool,"[92.9, 50.4]",Xabier Alonso Olano,Left Defensive Midfield,,,,,,,,,,,,0.016542211,"[108.1, 38.7]",Open Play,Blocked,Volley,Right Foot,,,,,,,,True,,2302764,,,,
76002b10-608c-41ea-8b4c-7ed986c190a6,2,00:14:50.535,59,50,Shot,Liverpool,Liverpool,"[107.9, 39.9]",Xabier Alonso Olano,Left Defensive Midfield,,,,,,,,,,,,0.7835,"[120.0, 37.4, 0.0]",Penalty,Saved,Normal,Right Foot,,,,,,,,,,2302764,True,,,
aa6cc484-518a-4e39-8592-8d4ad159f43e,2,00:14:52.037,59,52,Shot,Liverpool,Liverpool,"[114.9, 36.5]",Xabier Alonso Olano,Left Defensive Midfield,,,,,,,,,,,,0.5287507,"[120.0, 38.0, 2.4]",Open Play,Goal,Normal,Left Foot,,,,,,,,True,,2302764,,,,
fa8f69a4-d9b1-4184-9a7b-f9e0945c08d8,2,00:16:41.677,61,41,Shot,AC Milan,AC Milan,"[104.4, 40.5]",Paolo Maldini,Left Back,,,,,,,,,,,,0.025793351,"[110.5, 36.3]",Open Play,Blocked,Normal,Head,,,,,,,,,,2302764,,,,
0b268bdd-327b-479d-824e-3fcf35f54e96,2,00:16:44.573,61,44,Shot,AC Milan,AC Milan,"[93.4, 33.2]",Clarence Seedorf,Left Center Midfield,,,,,,,,,,,,0.028140448,"[120.0, 33.3, 0.2]",Open Play,Off T,Normal,Right Foot,,,,,,,,True,,2302764,,,,
097ecdf9-ff3b-47c0-9338-c78278f2f4fe,2,00:17:42.417,62,42,Shot,Liverpool,Liverpool,"[98.5, 24.7]",John Arne Semundseth Riise,Left Midfield,,,,,,,,,,,,0.02808162,"[117.3, 37.9, 2.0]",Open Play,Saved,Normal,Left Foot,,,,,,,,,,2302764,,,,
8dac8ce8-2193-4d63-892e-5b3a2597c07d,2,00:24:19.130,69,19,Shot,AC Milan,AC Milan,"[108.8, 40.8]",Andriy Shevchenko,Right Center Forward,,,,,,,,,,,,0.22169314,"[118.4, 43.1]",Open Play,Blocked,Half Volley,Left Foot,,,,,,,,True,,2302764,,,,
76266d32-c98f-4098-bc40-241a11aadf0b,2,00:24:42.745,69,42,Shot,AC Milan,AC Milan,"[84.1, 37.3]",Alessandro Nesta,Left Center Back,,,,,,,,,,,,0.0078793345,"[120.0, 55.9, 7.1]",Open Play,Off T,Half Volley,Right Foot,,,,,,,,True,,2302764,,,,
45ea9f3d-3483-43ea-92f9-d5ca54345dda,2,00:25:45.121,70,45,Shot,Liverpool,Liverpool,"[93.4, 53.0]",Steven Gerrard,Right Center Midfield,,,,,,,,,,,,0.021584108,"[120.0, 36.8, 4.9]",Open Play,Off T,Normal,Right Foot,,,,,,,,,,2302764,,,,
5146e2c1-79c3-4728-9727-6568d39631a7,2,00:28:35.315,73,35,Shot,Liverpool,Liverpool,"[91.4, 32.3]",Vladimir Smicer,Right Midfield,,,,,,,,,,,,0.027240317,"[120.0, 37.2, 5.7]",Open Play,Off T,Normal,Left Foot,,,,,,,,,,2302764,,,,
c0fd8378-1825-4265-b83b-29e809425859,2,00:34:18.863,79,18,Shot,AC Milan,AC Milan,"[112.6, 45.3]",Ricardo Izecson dos Santos Leite,Center Attacking Midfield,,,,,,,,,,,,0.12770139,"[120.0, 47.2, 5.6]",Open Play,Off T,Volley,Right Foot,,,,,,,,True,,2302764,,,,
cee278de-2036-4a26-8a4d-57d7b0fad450,2,00:36:01.584,81,1,Shot,AC Milan,AC Milan,"[96.5, 53.9]",Andriy Shevchenko,Right Center Forward,,,,,,,,,,,,0.020720087,"[120.0, 17.1, 0.2]",Open Play,Off T,Volley,Right Foot,,,,,,,,True,,2302764,,,,
aa388041-7e29-4b65-b17d-9a4fb1c5c47d,2,00:43:02.882,88,2,Shot,AC Milan,AC Milan,"[111.3, 43.6]",Jaap Stam,Right Center Back,,,,,,,,,,,,0.067987844,"[115.9, 37.7]",Open Play,Blocked,Normal,Head,,,,,,,,,,2302764,,,,
5901bdb4-f341-4756-953d-3ee7198ea99d,2,00:43:03.248,88,3,Shot,AC Milan,AC Milan,"[116.1, 37.9]",Ricardo Izecson dos Santos Leite,Center Attacking Midfield,,,,,,,,,,,,0.40111133,"[120.0, 31.9, 1.7]",Open Play,Off T,Normal,Head,,,,,,,,,,2302764,,True,,
fb200848-f6da-41ce-8c65-76ed9d0f8bf3,3,00:01:08.639,91,8,Shot,AC Milan,AC Milan,"[80.4, 41.7]",Andrea Pirlo,Center Defensive Midfield,,,,,,,,,,,,0.006049864,"[120.0, 42.3, 4.7]",Open Play,Off T,Normal,Right Foot,,,,,,,,,,2302764,,,,
a1e93c6d-a6a2-4f6e-9293-e90d91d5a463,3,00:04:06.987,94,6,Shot,AC Milan,AC Milan,"[87.4, 36.9]",Andrea Pirlo,Center Defensive Midfield,,,,,,,,,,,,0.02695397,"[120.0, 40.4, 6.9]",Free Kick,Off T,Normal,Right Foot,,,,,,,,,,2302764,,,,
98fe7fab-3ba8-4724-84a5-35c23e41b772,3,00:15:54.662,105,54,Shot,AC Milan,AC Milan,"[113.3, 27.3]",Andriy Shevchenko,Right Center Forward,,,,,,,,,,,,0.041408125,"[117.4, 37.4, 0.9]",Open Play,Saved,Volley,Left Foot,,,,,,,,True,,2302764,,,,
ea5f6bd0-8bde-4a18-ad8a-62f3614a190a,4,00:02:58.441,107,58,Shot,Liverpool,Liverpool,"[96.6, 49.6]",Dietmar Hamann,Right Back,,,,,,,,,,,,0.031143213,"[100.2, 48.7]",Open Play,Blocked,Normal,Right Foot,,,,,,,,,,2302764,,,,
b3c39397-ef36-4b91-b13e-f599a2f8fd3f,4,00:04:33.827,109,33,Shot,Liverpool,Liverpool,"[84.9, 54.9]",Djibril Cissé,Center Forward,,,,,,,,,,,,0.006917075,"[116.0, 39.3, 0.2]",Open Play,Saved,Normal,Right Foot,,,,,,,,,,2302764,,,,
6978b7c3-426d-42ae-9069-5f32d0a8c30f,4,00:12:02.838,117,2,Shot,AC Milan,AC Milan,"[111.4, 39.5]",Andriy Shevchenko,Right Center Forward,,,,,,,,,,,,0.14925134,"[117.9, 38.6, 0.8]",Open Play,Saved,Normal,Head,,,,,,,,,,2302764,,,,
ef98b6a0-a47e-4e1f-9c1c-846940810986,4,00:12:04.174,117,4,Shot,AC Milan,AC Milan,"[117.3, 36.8]",Andriy Shevchenko,Right Center Forward,,,,,,,,,,,,0.6360495,"[119.5, 38.0, 1.1]",Open Play,Saved,Volley,Right Foot,,,,,,,,True,,2302764,,,,
4f768611-5705-4476-a02e-bb478503139f,4,00:16:12.250,121,12,Shot,Liverpool,Liverpool,"[88.3, 47.3]",John Arne Semundseth Riise,Left Midfield,,,,,,,,,,,,0.017208826,"[92.0, 46.3]",Open Play,Blocked,Normal,Left Foot,,,,,,,,True,,2302764,,,,
2a8656c0-311f-4abc-b097-be10d19c3e0b,5,00:00:01.731,120,1,Shot,AC Milan,AC Milan,"[108.2, 40.1]",Claudio Santos,Left Center Midfield,,,,,,,,,,,,0.7835,"[120.0, 36.4, 3.9]",Penalty,Off T,Normal,Left Foot,,,,,,,,,,2302764,True,,,
1189c477-e8c6-4223-aa26-6dd33efce810,5,00:00:50.307,120,50,Shot,Liverpool,Liverpool,"[107.9, 40.1]",Dietmar Hamann,Right Back,,,,,,,,,,,,0.7835,"[120.0, 36.6, 1.7]",Penalty,Goal,Normal,Right Foot,,,,,,,,,,2302764,,,,
a6a25249-4830-4d63-81f3-b2be6fe5a2bb,5,00:01:40.573,121,40,Shot,AC Milan,AC Milan,"[107.9, 40.1]",Andrea Pirlo,Center Defensive Midfield,,,,,,,,,,,,0.7835,"[118.7, 37.7, 0.5]",Penalty,Saved,Normal,Right Foot,,,,,,,,,,2302764,True,,,
568d51d9-9aa6-43f4-930f-3273612e425a,5,00:02:37.278,122,37,Shot,Liverpool,Liverpool,"[107.8, 40.0]",Djibril Cissé,Center Forward,,,,,,,,,,,,0.7835,"[120.0, 42.3, 0.5]",Penalty,Goal,Normal,Right Foot,,,,,,,,,,2302764,,,,
df6ce76c-4c81-42ea-a0d7-22df299169fc,5,00:03:17.234,123,17,Shot,AC Milan,AC Milan,"[107.9, 40.0]",Jon Dahl Tomasson,Left Center Forward,,,,,,,,,,,,0.7835,"[120.0, 37.9, 0.3]",Penalty,Goal,Normal,Right Foot,,,,,,,,,,2302764,,,,
4e1d34db-44b9-438b-b97e-18f7d1ba1df7,5,00:04:11.381,124,11,Shot,Liverpool,Liverpool,"[108.0, 40.1]",John Arne Semundseth Riise,Left Midfield,,,,,,,,,,,,0.7835,"[119.3, 37.0, 0.1]",Penalty,Saved,Normal,Left Foot,,,,,,,,,,2302764,True,,,
4239ce66-302f-4a84-8ddd-baa07a89911a,5,00:05:03.191,125,3,Shot,AC Milan,AC Milan,"[108.1, 40.0]",Ricardo Izecson dos Santos Leite,Center Attacking Midfield,,,,,,,,,,,,0.7835,"[120.0, 37.9, 2.0]",Penalty,Goal,Normal,Right Foot,,,,,,,,,,2302764,,,,
821df754-6b55-4d98-ad76-fc2335ef5852,5,00:05:43.927,125,43,Shot,Liverpool,Liverpool,"[108.1, 40.0]",Vladimir Smicer,Right Midfield,,,,,,,,,,,,0.7835,"[120.0, 42.2, 0.8]",Penalty,Goal,Normal,Right Foot,,,,,,,,,,2302764,,,,
